평가년도,도서관구분,도서관코드,도서관명,행정구역,시군구,장서수(인쇄),사서수,대출자수,대출권수,자료구입비(천원)
2024,LIBTYPE000002,2030111007,더불어 숲,대구,북구,36041,0,7600,7600,11000
2024,LIBTYPE000002,2030111012,제3의시간,서울,종로구,4907,1,0,0,55421
2024,LIBTYPE000002,2060141162,가람도서관,경기,파주시,61090,7,26190,129682,72716
2024,LIBTYPE000002,2060111000,가양도서관,서울,강서구,67235,7,88169,151890,99802
2024,LIBTYPE000002,2060111042,가온도서관,서울,중구,81906,6,21296,70796,81815
2024,LIBTYPE000002,2060125007,갈마도서관,대전,서구,205608,4,8791,180212,105827
2024,LIBTYPE000002,2060141284,갈매도서관,경기,구리시,50487,5.5,10392,259023,92820
2024,LIBTYPE000002,2060111092,갈산도서관,서울,양천구,50889,6,68103,112039,152991
2024,LIBTYPE000002,2060123011,갈산도서관,인천,부평구,29673,4,3215,32296,19721
2024,LIBTYPE000002,2060143024,감곡도서관,충북,음성군,39236,2,764,9903,13086
2024,LIBTYPE000002,2060141023,감골도서관,경기,안산시,166426,8,3373,132771,1047100
2024,LIBTYPE000002,2060147006,감포도서관,경북,경주시,57160,2,2584,9246,24080
2024,LIBTYPE000002,2060143026,강내도서관,충북,청주시,92975,2,38882,113752,40500
2024,LIBTYPE000002,2060111067,개봉도서관,서울,구로구,38967,2,2798,51845,29761
2024,LIBTYPE000002,2060111018,거마도서관,서울,송파구,51015,6,11233,99590,49461
2024,LIBTYPE000002,2060823014,검단도서관,인천,서구,56135,4,4885,73558,28024
2024,LIBTYPE000002,2060123028,검암도서관,인천,서구,56058,7,27289,129769,125224
2024,LIBTYPE000002,2060147038,경북도서관,경북,예천군,194573,7,8867,211560,770631
2024,LIBTYPE000002,2060144001,계룡도서관,충남,계룡시,79909,0,4228,82899,64257
2024,LIBTYPE000002,2060141130,고읍도서관,경기,양주시,66061,2,6733,76859,26149
2024,LIBTYPE000002,2060142020,관전도서관,강원,철원군,36139,1,4151,4152,20000
2024,LIBTYPE000002,2060125023,관평도서관,대전,유성구,37140,6,9440,134877,58449
2024,LIBTYPE000002,2060141282,광남도서관,경기,광주시,37758,5,6004,73944,81363
2024,LIBTYPE000002,2060141034,광명도서관,경기,광명시,238131,5,13891,141302,123939
2024,LIBTYPE000002,2060141201,광적도서관,경기,양주시,45005,4,3409,23212,41810
2024,LIBTYPE000002,2060121028,교리도서관,부산,기장군,30980,3,5099,129808,60000
2024,LIBTYPE000002,2060141096,교하도서관,경기,파주시,202491,12,48390,261008,149903
2024,LIBTYPE000002,2060125022,구암도서관,대전,유성구,61801,5,9844,107683,60000
2024,LIBTYPE000002,2060125011,구즉도서관,대전,유성구,98884,3,9442,123754,68199
2024,LIBTYPE000002,20601110046,글빛도서관,서울,성북구,26098,6,10834,127493,61406
2024,LIBTYPE000002,2060121019,금곡도서관,부산,북구,80862,4,6144,96600,103018
2024,LIBTYPE000002,2060141265,금사도서관,경기,여주시,16829,1,1116,2917,20000
2024,LIBTYPE000002,2060121027,금샘도서관,부산,금정구,84859,8.5,19689,360715,170540
2024,LIBTYPE000002,2060121008,금정도서관,부산,금정구,243592,9.5,13797,251775,186316
2024,LIBTYPE000002,2060121009,기장도서관,부산,기장군,153366,7,5812,69359,59999
2024,LIBTYPE000002,2060123018,꿈벗도서관,인천,중구,45610,0,701,15272,31422
2024,LIBTYPE000002,2060121002,남구도서관,부산,남구,251666,13,16061,358145,208624
2024,LIBTYPE000002,2060142039,남면도서관,강원,홍천군,22036,0.5,504,10165,27917
2024,LIBTYPE000002,2060131014,남목도서관,울산,동구,38278,1,2857,65789,62000
2024,LIBTYPE000002,2060141217,남사도서관,경기,용인시,88933,3,16685,170074,98518
2024,LIBTYPE000002,2060123022,내가도서관,인천,강화군,17153,0,261,2416,9437
2024,LIBTYPE000002,2060148011,내서도서관,경남,창원시,127344,2,38346,115651,72799
2024,LIBTYPE000002,2060125019,노은도서관,대전,유성구,97224,4,15452,233803,76934
2024,LIBTYPE000002,2060141179,논골도서관,경기,성남시,16819,1,8780,16811,12867
2024,LIBTYPE000002,2060111013,논현도서관,서울,강남구,50298,5,15993,97527,42219
2024,LIBTYPE000002,2060141203,능평도서관,경기,광주시,77006,3,6769,140834,67000
2024,LIBTYPE000002,2060121013,다대도서관,부산,사하구,155679,6.5,73627,154656,195750
2024,LIBTYPE000002,2060147037,다산도서관,경북,고령군,35145,3,1569,25396,53500
2024,LIBTYPE000002,2060147007,단석도서관,경북,경주시,50085,2,4952,17592,23627
2024,LIBTYPE000002,2060111033,대림도서관,서울,영등포구,69864,8,12808,177098,96658
2024,LIBTYPE000002,2060141199,대부도서관,경기,안산시,45561,1,1722,9585,29600
2024,LIBTYPE000002,2060141240,대신도서관,경기,여주시,31046,2,1738,44818,29000
2024,LIBTYPE000002,2060111014,대치도서관,서울,강남구,59301,7,20273,170286,52296
2024,LIBTYPE000002,2060141160,덕계도서관,경기,양주시,87021,3,23026,64093,14250
2024,LIBTYPE000002,2060141079,덕정도서관,경기,양주시,76204,4,7202,20725,12675
2024,LIBTYPE000002,2060121003,동구도서관,부산,동구,132170,4,4241,92307,106533
2024,LIBTYPE000002,2050149004,동녘도서관,제주,제주시,92162,4,2227,51912,59204
2024,LIBTYPE000002,2060148008,동부도서관,경남,창원시,147719,6,10670,141161,97021
2024,LIBTYPE000002,2060123009,동양도서관,인천,계양구,48436,3,3466,47085,22643
2024,LIBTYPE000002,2060141289,동천도서관,경기,용인시,35952,4.5,6250,83126,451201
2024,LIBTYPE000002,2060125014,둔산도서관,대전,서구,148135,3,10087,249728,117091
2024,LIBTYPE000002,2060111077,등빛도서관,서울,강서구,103471,10,16252,160852,109905
2024,LIBTYPE000002,2060121004,만덕도서관,부산,북구,142947,5,9436,163054,117705
2024,LIBTYPE000002,2060141274,만선도서관,경기,광주시,22666,4,21889,21889,52229
2024,LIBTYPE000002,2030141007,만화도서관,경기,부천시,216277,1,39,1250,54000
2024,LIBTYPE000002,2060121011,망미도서관,부산,수영구,80483,2,8173,113100,58987
2024,LIBTYPE000002,2060131011,매곡도서관,울산,북구,53500,3,8722,158390,48947
2024,LIBTYPE000002,2060143008,매포도서관,충북,단양군,48514,1,490,8937,17978
2024,LIBTYPE000002,2060148028,명곡도서관,경남,창원시,105163,4,12639,146415,102450
2024,LIBTYPE000002,2030145001,명봉도서관,전북,정읍시,28283,1,129,1997,6449
2024,LIBTYPE000002,2060142024,모루도서관,강원,강릉시,75703,2,35590,105074,90234
2024,LIBTYPE000002,20601110019,못골도서관,서울,강남구,77268,9,24396,223598,90425
2024,LIBTYPE000002,2060111037,문래도서관,서울,영등포구,67804,10,16061,247151,100295
2024,LIBTYPE000002,20601110024,미감도서관,서울,양천구,23217,4,7114,39340,116580
2024,LIBTYPE000002,2060121006,반여도서관,부산,해운대구,62237,2,11278,34107,47298
2024,LIBTYPE000002,2060141228,반월도서관,경기,안산시,40172,1,4356,34347,29524
2024,LIBTYPE000002,20601110013,방배도서관,서울,서초구,21527,3,11789,42298,39933
2024,LIBTYPE000002,2060123003,백령도서관,인천,옹진군,29125,0,265,1160,3000
2024,LIBTYPE000002,2060141194,별빛도서관,경기,남양주시,98411,3.5,15009,273604,67003
2024,LIBTYPE000002,2060141137,보라도서관,경기,용인시,152754,3,20705,268908,96893
2024,LIBTYPE000002,2060141174,본오도서관,경기,안산시,35816,2,4369,24857,25500
2024,LIBTYPE000002,2060143006,봉양도서관,충북,제천시,35269,1,1078,18004,51286
2024,LIBTYPE000002,2060123016,부개도서관,인천,부평구,68585,7,6328,98122,78482
2024,LIBTYPE000002,2060121025,부산도서관,부산,사상구,432540,20,28399,410222,700000
2024,LIBTYPE000002,2060147034,북삼도서관,경북,칠곡군,82278,2,1771,36531,58886
2024,LIBTYPE000002,20601110022,불암도서관,서울,노원구,66476,9,68810,163720,102978
2024,LIBTYPE000002,2060122019,비원도서관,대구,서구,32392,1.5,1898,36189,33447
2024,LIBTYPE000002,2060121010,사상도서관,부산,사상구,127612,6,5259,124706,143007
2024,LIBTYPE000002,2060145039,산들도서관,전북,군산시,26221,2,2126,46886,50400
2024,LIBTYPE000002,2060143036,산책도서관,충북,제천시,15367,2,1731,31175,12786
2024,LIBTYPE000002,2060123013,삼산도서관,인천,부평구,75236,7,38136,120399,110951
2024,LIBTYPE000002,2060143030,삼성도서관,충북,음성군,13170,1,475,4437,25972
2024,LIBTYPE000002,2060146019,삼호도서관,전남,영암군,126422,3,7881,22200,51000
2024,LIBTYPE000002,2060111074,상계도서관,서울,노원구,67347,9,14934,107617,100738
2024,LIBTYPE000002,2060148003,상남도서관,경남,창원시,180380,4,69027,196588,101067
2024,LIBTYPE000002,2060124013,상록도서관,광주,서구,59629,7,4093,61086,107248
2024,LIBTYPE000002,2060141187,상현도서관,경기,용인시,164077,3.5,29215,495767,139847
2024,LIBTYPE000002,2030122001,새벗도서관,대구,달서구,69236,1,555,9984,10000
2024,LIBTYPE000002,2060141262,서농도서관,경기,용인시,67565,3,20603,344845,136676
2024,LIBTYPE000002,2060142037,서석도서관,강원,홍천군,23114,1,5225,12420,23956
2024,LIBTYPE000002,2060123008,서운도서관,인천,계양구,41073,3,2980,48851,24576
2024,LIBTYPE000002,2060111078,서울도서관,서울,중구,574466,24,28611,357512,740908
2024,LIBTYPE000002,20601110009,서이도서관,서울,서초구,24644,3,10325,42828,32724
2024,LIBTYPE000002,2060123021,서창도서관,인천,남동구,88586,3,7524,111487,63907
2024,LIBTYPE000002,2060823013,석남도서관,인천,서구,60056,4,5649,63808,41689
2024,LIBTYPE000002,2060125028,석봉도서관,대전,대덕구,42686,5,3393,59073,123747
2024,LIBTYPE000002,2060147033,석적도서관,경북,칠곡군,82728,2,2693,71878,61298
2024,LIBTYPE000002,2060141184,선부도서관,경기,안산시,55329,1,5179,33923,35960
2024,LIBTYPE000002,2060111051,선유도서관,서울,영등포구,67274,10,10523,135448,113690
2024,LIBTYPE000002,2060144034,설림도서관,전북,군산시,58190,4,2132,27618,52534
2024,LIBTYPE000002,2060141260,성복도서관,경기,용인시,56907,4.5,21141,383293,159763
2024,LIBTYPE000002,2060148024,성산도서관,경남,창원시,131080,4,15026,204817,95458
2024,LIBTYPE000002,2060141055,세종도서관,경기,여주시,153650,4,4975,73369,73091
2024,LIBTYPE000002,2060123020,소래도서관,인천,남동구,119934,5,9632,151031,70136
2024,LIBTYPE000002,2060142002,소양도서관,강원,춘천시,30581,0,2753,19788,37492
2024,LIBTYPE000002,2060141191,소하도서관,경기,광명시,147025,5,19400,269707,170117
2024,LIBTYPE000002,2060123012,송림도서관,인천,동구,94585,6,8365,40006,103632
2024,LIBTYPE000002,2050149002,송악도서관,제주,서귀포시,109723,4,3523,80711,55060
2024,LIBTYPE000002,2060125020,송촌도서관,대전,대덕구,93691,4.5,6477,146955,96656
2024,LIBTYPE000002,2060147032,송화도서관,경북,경주시,69262,2,17945,61231,64676
2024,LIBTYPE000002,2060141207,수암도서관,경기,안산시,25980,2,3623,22388,24600
2024,LIBTYPE000002,2060124006,신가도서관,광주,광산구,62462,0,0,0,0
2024,LIBTYPE000002,2060123015,신석도서관,인천,서구,68005,4,8033,70998,28550
2024,LIBTYPE000002,2060124019,신용도서관,광주,북구,38933,3,9606,195406,63347
2024,LIBTYPE000002,2060823015,심곡도서관,인천,서구,74921,4,19880,95993,56906
2024,LIBTYPE000002,2060145031,아중도서관,전북,전주시,94617,2,7898,45705,35478
2024,LIBTYPE000002,2030122009,아트도서관,대구,달성군,85060,0,55,85060,25000
2024,LIBTYPE000002,2060125012,안산도서관,대전,대덕구,145085,3,871,7222,43187
2024,LIBTYPE000002,2060149007,애월도서관,제주,제주시,73228,3,5328,74734,42500
2024,LIBTYPE000002,20601110018,약수도서관,서울,동작구,80643,2,8026,44285,53302
2024,LIBTYPE000002,2060141258,양벌도서관,경기,광주시,23064,2,3421,45372,38560
2024,LIBTYPE000002,2060124016,양산도서관,광주,북구,43786,4,7431,133326,58814
2024,LIBTYPE000002,2060141113,양산도서관,경기,오산시,57221,1,3846,46714,36689
2024,LIBTYPE000002,2060141056,양평도서관,경기,양평군,152011,10,9775,172834,179442
2024,LIBTYPE000002,2060144026,엄사도서관,충남,계룡시,71274,3,4585,87000,64820
2024,LIBTYPE000002,2060141133,여주도서관,경기,여주시,158944,5,6592,152431,120064
2024,LIBTYPE000002,2060111036,역삼도서관,서울,강남구,38214,5,15704,76326,38136
2024,LIBTYPE000002,2060141244,연서도서관,경기,광명시,52249,2,9406,83821,118915
2024,LIBTYPE000002,2060121014,연제도서관,부산,연제구,157107,7.5,15812,308272,145000
2024,LIBTYPE000002,2060141085,연천도서관,경기,연천군,67108,1.5,1478,38821,27880
2024,LIBTYPE000002,20601110039,열린도서관,서울,강남구,39857,6,16819,221310,39212
2024,LIBTYPE000002,2060141283,영덕도서관,경기,용인시,31114,3,14372,193914,122431
2024,LIBTYPE000002,2060121005,영도도서관,부산,영도구,170612,8,7486,144103,212860
2024,LIBTYPE000002,2060146018,영암도서관,전남,영암군,162308,4,13325,29799,62000
2024,LIBTYPE000002,2060141107,오포도서관,경기,광주시,94678,4,7315,124374,63000
2024,LIBTYPE000002,2060143007,옥산도서관,충북,청주시,71074,2,12995,49508,37620
2024,LIBTYPE000002,2060123030,용비도서관,인천,미추홀구,43137,5,4918,89799,19269
2024,LIBTYPE000002,2060121033,우암도서관,부산,남구,33954,5,2697,27325,478507
2024,LIBTYPE000002,2060131012,울산도서관,울산,남구,287199,12.5,34855,646772,1078839
2024,LIBTYPE000002,2050131004,울주도서관,울산,울주군,263000,12,4937,121145,146700
2024,LIBTYPE000002,2060142023,원통도서관,강원,인제군,30233,0,563,15626,0
2024,LIBTYPE000002,2060111034,월계도서관,서울,노원구,52588,10,0,0,99767
2024,LIBTYPE000002,2060141150,월곶도서관,경기,시흥시,43032,2,1432,81137,41947
2024,LIBTYPE000002,2060141229,월롱도서관,경기,파주시,13060,2,1984,10601,17404
2024,LIBTYPE000002,2060125025,월평도서관,대전,서구,88238,4,15508,375451,163274
2024,LIBTYPE000002,2060125009,유성도서관,대전,유성구,126998,4,12273,137669,78169
2024,LIBTYPE000002,2060123035,임학도서관,인천,계양구,19251,2,3220,31998,25109
2024,LIBTYPE000002,2060125015,자양도서관,대전,동구,54734,1,1312,31759,30000
2024,LIBTYPE000002,2060123019,작전도서관,인천,계양구,43576,4,5532,61893,44358
2024,LIBTYPE000002,20601110010,잠원도서관,서울,서초구,26896,5,12381,84090,39331
2024,LIBTYPE000002,2060124012,장덕도서관,광주,광산구,80888,4.5,10796,196609,58850
2024,LIBTYPE000002,2060148016,장유도서관,경남,김해시,125466,8,63205,201316,94620
2024,LIBTYPE000002,2060141121,적성도서관,경기,파주시,45282,2,4541,12352,38000
2024,LIBTYPE000002,2060125027,전민도서관,대전,유성구,30662,6,7126,78374,78155
2024,LIBTYPE000002,2060141219,점동도서관,경기,여주시,37584,2,1401,21982,29000
2024,LIBTYPE000002,2060121016,정관도서관,부산,기장군,224053,11,99903,356044,148000
2024,LIBTYPE000002,20601110006,정릉도서관,서울,성북구,34782,1,4704,29905,23829
2024,LIBTYPE000002,2060144036,정산도서관,충남,청양군,42355,1,1012,3325,19995
2024,LIBTYPE000002,2050149005,제남도서관,제주,서귀포시,99422,4,813,56911,50000
2024,LIBTYPE000002,2050149001,제주도서관,제주,제주시,280994,10,65825,317948,279732
2024,LIBTYPE000002,2060141119,조리도서관,경기,파주시,44245,3,7862,30439,19660
2024,LIBTYPE000002,2060111072,조원도서관,서울,관악구,59621,4,9916,51843,65033
2024,LIBTYPE000002,2060144037,죽정도서관,충남,보령시,43092,1,2573,42436,49398
2024,LIBTYPE000002,2060124017,중흥도서관,광주,북구,41361,8,7927,151582,93451
2024,LIBTYPE000002,2060121026,지사도서관,부산,강서구,28961,2,2904,42719,64797
2024,LIBTYPE000002,2060144033,진산도서관,충남,금산군,37475,1,2484,7601,15000
2024,LIBTYPE000002,2060125021,진잠도서관,대전,유성구,86587,4,9298,92324,67214
2024,LIBTYPE000002,2060148007,진해도서관,경남,창원시,204216,5,14565,185223,128677
2024,LIBTYPE000002,2060146038,철마도서관,전남,진도군,51555,2,2063,2063,46000
2024,LIBTYPE000002,2060141145,철산도서관,경기,광명시,151528,5,19924,232562,171940
2024,LIBTYPE000002,2030142002,철암도서관,강원,태백시,17754,1,60,480,1500
2024,LIBTYPE000002,2060124007,첨단도서관,광주,광산구,59921,2,6463,109816,58850
2024,LIBTYPE000002,2060111015,청담도서관,서울,강남구,36243,5,11804,60871,36892
2024,LIBTYPE000002,2060111091,청수도서관,서울,성북구,42843,6,4561,31729,25283
2024,LIBTYPE000002,2060123017,청천도서관,인천,부평구,66813,5,6925,89668,61784
2024,LIBTYPE000002,2060111056,청파도서관,서울,용산구,43451,2,1736,20237,63176
2024,LIBTYPE000002,2060141148,초월도서관,경기,광주시,100259,3,8068,152567,72000
2024,LIBTYPE000002,2060144027,추부도서관,충남,금산군,45725,1,1397,5953,15000
2024,LIBTYPE000002,2060144040,충남도서관,충남,홍성군,301682,12,15742,377298,555867
2024,LIBTYPE000002,2060148015,칠암도서관,경남,김해시,115438,5.5,8748,78456,54846
2024,LIBTYPE000002,2060147008,칠평도서관,경북,경주시,57284,2,1819,37518,46427
2024,LIBTYPE000002,2060141204,탄현도서관,경기,파주시,20537,1,5354,16239,24884
2024,LIBTYPE000002,2060149002,탐라도서관,제주,제주시,220260,6,117204,349448,187984
2024,LIBTYPE000002,2060142043,태장도서관,강원,원주시,42976,3,4260,37765,39998
2024,LIBTYPE000002,2060141271,퇴촌도서관,경기,광주시,24958,6,6352,41859,49467
2024,LIBTYPE000002,2060141221,파평도서관,경기,파주시,13214,1,1528,5031,13300
2024,LIBTYPE000002,2060149012,표선도서관,제주,서귀포시,63981,3,3842,71096,40000
2024,LIBTYPE000002,2060111065,하늘도서관,서울,구로구,29492,1,2437,8681,30838
2024,LIBTYPE000002,2060121030,하단도서관,부산,사하구,37801,3,6241,75695,28800
2024,LIBTYPE000002,2060149009,한경도서관,제주,제주시,63155,3,8941,38331,30000
2024,LIBTYPE000002,2060141149,한빛도서관,경기,파주시,112992,3,13787,275447,135672
2024,LIBTYPE000002,2060141220,한울도서관,경기,파주시,71987,4,16074,233290,126732
2024,LIBTYPE000002,2060141090,해밀도서관,경기,부천시,86895,2,1723,29071,61838
2024,LIBTYPE000002,2060141128,해솔도서관,경기,파주시,77866,4,11543,172662,66000
2024,LIBTYPE000002,2060125016,홍도도서관,대전,동구,57845,1,1714,45254,30000
2024,LIBTYPE000002,2060141068,화도도서관,경기,남양주시,120557,3,8959,90522,38752
2024,LIBTYPE000002,2060111071,화랑도서관,서울,노원구,37349,6,11353,96103,59258
2024,LIBTYPE000002,2060121012,화명도서관,부산,북구,175416,7,17437,302346,136399
2024,LIBTYPE000002,2060148021,화전도서관,경남,남해군,73719,2,3836,17253,28271
2024,LIBTYPE000002,2060123005,효성도서관,인천,계양구,48535,3,4714,65193,23181
2024,LIBTYPE000002,2060141277,흥천도서관,경기,여주시,14494,1,1689,19166,36416
2024,LIBTYPE000002,2030111008,가락몰도서관,서울,송파구,39405,4,8465,58470,25526
2024,LIBTYPE000002,2060125008,가수원도서관,대전,서구,172189,3,10105,268482,120219
2024,LIBTYPE000002,2060141215,가재울도서관,경기,의정부시,31961,3,6987,35789,16200
2024,LIBTYPE000002,2060146017,강진군도서관,전남,강진군,142754,2,1823,48576,52700
2024,LIBTYPE000002,2060132008,고운동도서관,세종,세종시,47868,1,6841,71368,19063
2024,LIBTYPE000002,2060141108,곤지암도서관,경기,광주시,87355,3,3752,40454,63000
2024,LIBTYPE000002,2060111082,곰달래도서관,서울,강서구,78916,8,14562,125783,81499
2024,LIBTYPE000002,2060122003,구수산도서관,대구,북구,141594,10,74629,278533,174851
2024,LIBTYPE000002,20601110059,군자동도서관,서울,광진구,17800,5,8398,65338,28622
2024,LIBTYPE000002,20601110047,김영삼도서관,서울,동작구,56678,10,17400,156242,101759
2024,LIBTYPE000002,20601110052,까망돌도서관,서울,동작구,35853,6,12186,134893,85376
2024,LIBTYPE000002,2060111035,꿈마을도서관,서울,구로구,21945,1,1755,31810,29395
2024,LIBTYPE000002,2060148013,꿈이랑도서관,경남,통영시,28919,1.5,1424,22503,25098
2024,LIBTYPE000002,2060132015,나성동도서관,세종,세종시,33931,1,10304,127270,112780
2024,LIBTYPE000002,2060132011,다정동도서관,세종,세종시,47640,1,11482,178707,29219
2024,LIBTYPE000002,2060132005,대평동도서관,세종,세종시,47982,2,7273,78387,27108
2024,LIBTYPE000002,2060132002,도담동도서관,세종,세종시,46249,1,7305,43072,40360
2024,LIBTYPE000002,2060111093,돌마리도서관,서울,송파구,27271,2,8025,68987,26418
2024,LIBTYPE000002,2060141144,물푸레도서관,경기,파주시,47769,3,5277,53410,15000
2024,LIBTYPE000002,2060142038,미리내도서관,강원,원주시,49628,6,2624,189641,109519
2024,LIBTYPE000002,2060132013,반곡동도서관,세종,세종시,32273,1,9135,150425,39408
2024,LIBTYPE000002,2060132007,보람동도서관,세종,세종시,57165,1,8578,104302,22207
2024,LIBTYPE000002,2060147024,북울진도서관,경북,울진군,70097,7,7939,40136,40000
2024,LIBTYPE000002,2030141001,사랑샘도서관,경기,수원시,28093,2,9354,27682,21536
2024,LIBTYPE000002,2060141280,상록수도서관,경기,안산시,20782,2,7944,104251,28096
2024,LIBTYPE000002,2060132006,새롬동도서관,세종,세종시,56654,1,11936,169515,23067
2024,LIBTYPE000002,2060142042,샘마루도서관,강원,원주시,28440,6,2245,148772,80000
2024,LIBTYPE000002,2050149006,서귀포도서관,제주,서귀포시,215403,5,25910,101725,118673
2024,LIBTYPE000002,2060143031,서충주도서관,충북,충주시,67540,3,5725,113706,81980
2024,LIBTYPE000002,2060132009,소담동도서관,세종,세종시,60208,1,10454,161485,22144
2024,LIBTYPE000002,2060141235,소리울도서관,경기,오산시,35552,3,4400,69252,42653
2024,LIBTYPE000002,2060121007,수영구도서관,부산,수영구,148117,8,124449,346187,224415
2024,LIBTYPE000002,2060141253,술이홀도서관,경기,파주시,16166,1,1726,9518,13300
2024,LIBTYPE000002,2060125026,아가랑도서관,대전,유성구,19121,2.5,4523,121799,50000
2024,LIBTYPE000002,2060132003,아름동도서관,세종,세종시,62890,1,8572,94240,18975
2024,LIBTYPE000002,2060111011,아리랑도서관,서울,성북구,95497,8,10524,82578,70000
2024,LIBTYPE000002,2060131009,약숫골도서관,울산,중구,40856,4,48275,86553,34500
2024,LIBTYPE000002,2060111070,어울림도서관,서울,중구,86988,7,33898,90804,76472
2024,LIBTYPE000002,2060141290,오르빛도서관,경기,동두천시,21732,2,474,1777,300000
2024,LIBTYPE000002,2060143017,올누림도서관,충북,단양군,80594,5,8195,24873,48994
2024,LIBTYPE000002,2060122020,원고개도서관,대구,서구,30105,1.5,1954,27947,36996
2024,LIBTYPE000002,2060141170,원고잔도서관,경기,안산시,42071,1,4329,27691,30280
2024,LIBTYPE000002,2060125024,원신흥도서관,대전,유성구,53819,4,28308,124441,78460
2024,LIBTYPE000002,2060146033,정남진도서관,전남,장흥군,108151,0,6000,19426,40000
2024,LIBTYPE000002,2060111021,정다운도서관,서울,강남구,48308,5,14067,104084,37299
2024,LIBTYPE000002,2050143005,제천학생회관,충북,제천시,24442,3,283,4705,18000
2024,LIBTYPE000002,2060149008,조천읍도서관,제주,제주시,71197,2.5,32684,118030,56998
2024,LIBTYPE000002,2060132004,종촌동도서관,세종,세종시,57853,1,8721,110785,19664
2024,LIBTYPE000002,2060111022,즐거운도서관,서울,강남구,37977,5,12605,79920,34205
2024,LIBTYPE000002,2060124021,책정원도서관,광주,동구,25255,6.5,6493,143570,64200
2024,LIBTYPE000002,2060148043,최윤덕도서관,경남,창원시,63150,6,14744,233042,111580
2024,LIBTYPE000002,2060141140,퇴계원도서관,경기,남양주시,89369,3.5,9306,115819,40100
2024,LIBTYPE000002,2060123004,학나래도서관,인천,미추홀구,51654,0,3006,49059,16494
2024,LIBTYPE000002,2060111050,학마을도서관,서울,도봉구,78564,9,8618,106465,79800
2024,LIBTYPE000002,2060132001,한솔동도서관,세종,세종시,33777,1,6077,61913,19086
2024,LIBTYPE000002,2050149003,한수풀도서관,제주,제주시,92732,4,1785,61210,63836
2024,LIBTYPE000002,2060123027,해돋이도서관,인천,연수구,76132,2.5,57267,253756,83000
2024,LIBTYPE000002,2060132014,해밀동도서관,세종,세종시,32683,1,8397,146251,55299
2024,LIBTYPE000002,2060141226,해오름도서관,경기,성남시,80514,2,59798,162525,84967
2024,LIBTYPE000002,2060111023,행복한도서관,서울,강남구,46159,5,15670,137821,43830
2024,LIBTYPE000002,2030141004,희망샘도서관,경기,수원시,36889,3,7023,35678,20259
2024,LIBTYPE000002,2060122026,New평리도서관,대구,서구,15184,1,3408,54705,40039
2024,LIBTYPE000002,2060131002,농소1동도서관,울산,북구,53773,2,3651,59229,29769
2024,LIBTYPE000002,2060111089,아름꿈 도서관,서울,종로구,31241,2,6047,6047,2900
2024,LIBTYPE000002,2060131015,강동바다도서관,울산,북구,26692,2,3999,106329,82000
2024,LIBTYPE000002,2050142003,강릉교육문화관,강원,강릉시,179518,10,58083,120336,100640
2024,LIBTYPE000002,2060111079,강서영어도서관,서울,강서구,46154,5,38865,121164,57000
2024,LIBTYPE000002,2060123002,강화군립도서관,인천,강화군,83117,5,3075,48518,56276
2024,LIBTYPE000002,2060111059,개울건강도서관,서울,양천구,32756,4,56722,56722,131093
2024,LIBTYPE000002,2060148038,경남대표도서관,경남,창원시,204453,11,5905,94453,282999
2024,LIBTYPE000002,2060147019,경산시립도서관,경북,경산시,106918,8,13699,51303,55000
2024,LIBTYPE000002,2060147004,경주시립도서관,경북,경주시,212019,9,14331,303248,258200
2024,LIBTYPE000002,2060147005,경주중앙도서관,경북,경주시,36961,1.5,1741,16519,29318
2024,LIBTYPE000002,2050142022,고성교육도서관,강원,고성군,44518,3,8729,17235,43180
2024,LIBTYPE000002,2060142021,고성군립도서관,강원,고성군,59225,1,1004,13618,20000
2024,LIBTYPE000002,2060148018,고성동부도서관,경남,고성군,40420,0,289,4721,10000
2024,LIBTYPE000002,2060132010,고운남측도서관,세종,세종시,37426,1,7594,96848,66505
2024,LIBTYPE000002,2060145023,고창군립도서관,전북,고창군,76093,6,13406,13406,19000
2024,LIBTYPE000002,20601110065,고척열린도서관,서울,구로구,35970,2,8028,172956,71081
2024,LIBTYPE000002,2060148002,고향의봄도서관,경남,창원시,162412,4,10881,118025,96495
2024,LIBTYPE000002,2060146014,고흥군립도서관,전남,고흥군,88955,0,2748,9051,33500
2024,LIBTYPE000002,2060111010,관악중앙도서관,서울,관악구,172376,12,108196,199310,154537
2024,LIBTYPE000002,2030146001,관옥나무도서관,전남,순천시,5500,1,870,1140,2200
2024,LIBTYPE000002,2060146049,광양광영도서관,전남,광양시,18229,3,1653,8495,169250
2024,LIBTYPE000002,2060146046,광양금호도서관,전남,광양시,21877,3,3464,68662,49973
2024,LIBTYPE000002,2060146044,광양용강도서관,전남,광양시,44359,2,2698,45779,41250
2024,LIBTYPE000002,2060146011,광양중마도서관,전남,광양시,81143,4,5187,98737,56255
2024,LIBTYPE000002,2060146010,광양중앙도서관,전남,광양시,197201,4,3196,50202,82494
2024,LIBTYPE000002,2060111004,광진정보도서관,서울,광진구,314654,15,26215,579306,501479
2024,LIBTYPE000002,2060144024,광천공공도서관,충남,홍성군,116344,3,803,7702,40000
2024,LIBTYPE000002,2050143011,괴산교육도서관,충북,괴산군,61368,3,1292,27230,27558
2024,LIBTYPE000002,20601110071,구로미래도서관,서울,구로구,22417,3,5853,54841,5190
2024,LIBTYPE000002,20601110004,구립상림도서관,서울,은평구,39924,3,3340,47941,23163
2024,LIBTYPE000002,2060145017,군산시립도서관,전북,군산시,163279,11,13306,223597,138674
2024,LIBTYPE000002,2060111028,글빛정보도서관,서울,관악구,67845,4,12444,85599,87259
2024,LIBTYPE000002,2050143014,금왕교육도서관,충북,음성군,71488,4,10709,20580,34380
2024,LIBTYPE000002,2060146023,금일공공도서관,전남,완도군,49748,1,3097,3944,16250
2024,LIBTYPE000002,2060145009,김제시립도서관,전북,김제시,143723,8,2572,47914,98000
2024,LIBTYPE000002,2060147009,김천시립도서관,경북,김천시,209344,6,4489,94874,177250
2024,LIBTYPE000002,2060148039,김해율하도서관,경남,김해시,68841,3.5,78211,248116,13007
2024,LIBTYPE000002,2060146009,나주시립도서관,전남,나주시,93328,1,3720,12627,33952
2024,LIBTYPE000002,2060123034,남동논현도서관,인천,남동구,55936,5,11372,173093,88185
2024,LIBTYPE000002,2060145022,남원시립도서관,전북,남원시,63929,2,2191,35232,31000
2024,LIBTYPE000002,2060121024,내리새라도서관,부산,기장군,30371,2,2784,65252,90000
2024,LIBTYPE000002,2060111026,노원중앙도서관,서울,노원구,176370,15,27458,327637,190362
2024,LIBTYPE000002,2060146024,노화공공도서관,전남,완도군,59129,1,2275,6096,16250
2024,LIBTYPE000002,2060144005,논산강경도서관,충남,논산시,75448,1,1117,26145,41810
2024,LIBTYPE000002,2060144006,논산연무도서관,충남,논산시,74838,1,1174,25380,41505
2024,LIBTYPE000002,2060144043,논산열린도서관,충남,논산시,99198,4,5552,128160,144762
2024,LIBTYPE000002,2030121002,느티나무도서관,부산,해운대구,19186,1,1530,19186,20000
2024,LIBTYPE000002,2030141006,느티나무도서관,경기,용인시,69294,7,3326,60210,45373
2024,LIBTYPE000002,20601110050,다산성곽도서관,서울,중구,18052,5,3804,24331,46997
2024,LIBTYPE000002,2050143015,단양교육도서관,충북,단양군,43521,3,543,9674,12420
2024,LIBTYPE000002,2060111075,달빛마루도서관,서울,성북구,61177,5,6939,52359,31319
2024,LIBTYPE000002,2060122023,달서영어도서관,대구,달서구,43535,3,2088,60779,56936
2024,LIBTYPE000002,2060122009,달성군립도서관,대구,달성군,99227,7,17809,214242,99252
2024,LIBTYPE000002,2060121015,동래읍성도서관,부산,동래구,64069,4,33348,106458,70000
2024,LIBTYPE000002,2030122008,동일공공도서관,대구,동구,17440,0,0,0,0
2024,LIBTYPE000002,2060123033,동춘나래도서관,인천,연수구,39439,0,12718,146326,49000
2024,LIBTYPE000002,2050142011,동해교육도서관,강원,동해시,114621,5,1800,49213,63600
2024,LIBTYPE000002,2060142033,둔내태성도서관,강원,횡성군,30972,1,549,8117,29951
2024,LIBTYPE000002,2030111011,라이브러리피치,서울,종로구,3415,0,0,0,4899
2024,LIBTYPE000002,2060148012,마산합포도서관,경남,창원시,214219,5,18286,252678,114654
2024,LIBTYPE000002,2060148010,마산회원도서관,경남,창원시,197967,6,12740,158057,108063
2024,LIBTYPE000002,20601110016,마포중앙도서관,서울,마포구,234713,10,38170,532386,220797
2024,LIBTYPE000002,2030121003,맨발동무도서관,부산,북구,33724,1,1513,7938,16759
2024,LIBTYPE000002,2030111004,명성교회도서관,서울,강동구,149973,1,2737,224646,24119
2024,LIBTYPE000002,2050142008,명주교육도서관,강원,강릉시,99483,3,21663,43499,49140
2024,LIBTYPE000002,2060111052,목마교육도서관,서울,양천구,43090,6,11333,107666,138940
2024,LIBTYPE000002,2060146001,목포시립도서관,전남,목포시,326221,9,2720,53316,50000
2024,LIBTYPE000002,2060146043,목포영어도서관,전남,목포시,25654,0,607,18427,9396
2024,LIBTYPE000002,2060146020,무안군립도서관,전남,무안군,68070,2,969,11976,260000
2024,LIBTYPE000002,2050142007,문막교육도서관,강원,원주시,82700,3,21682,22597,43000
2024,LIBTYPE000002,2060124004,문화의숲도서관,광주,서구,62476,3,4307,92327,56800
2024,LIBTYPE000002,2050143006,미원교육도서관,충북,청주시,65551,1,277,7336,20700
2024,LIBTYPE000002,2060148006,밀양시립도서관,경남,밀양시,144534,4,44195,94976,94000
2024,LIBTYPE000002,2060142047,별빛나루도서관,강원,홍천군,14313,2,3877,5660,16000
2024,LIBTYPE000002,2060144009,보령시립도서관,충남,보령시,61101,5,5465,73089,79509
2024,LIBTYPE000002,2060144010,보령주산도서관,충남,보령시,39238,0,832,1946,5000
2024,LIBTYPE000002,20601110069,보문숲길도서관,서울,성북구,14364,5,0,0,6500
2024,LIBTYPE000002,2050143007,보은교육도서관,충북,보은군,48601,4,11169,21460,24300
2024,LIBTYPE000002,2060143032,보은군립도서관,충북,보은군,21799,0.5,987,15517,35583
2024,LIBTYPE000002,2060121001,부산강서도서관,부산,강서구,126105,3,6755,105044,125062
2024,LIBTYPE000002,2050121013,부산영어도서관,부산,부산진구,64705,3,20239,94100,95868
2024,LIBTYPE000002,2060145019,부안군립도서관,전북,부안군,73429,3,1566,27380,41280
2024,LIBTYPE000002,2060111083,사당솔밭도서관,서울,동작구,72088,4,13876,124985,69290
2024,LIBTYPE000002,2060142017,사북공공도서관,강원,정선군,47010,4,701,13846,39924
2024,LIBTYPE000002,2060148044,사천시립도서관,경남,사천시,34125,4.5,5071,74139,316999
2024,LIBTYPE000002,2050142005,삼척교육문화관,강원,삼척시,173194,10,3677,101085,118080
2024,LIBTYPE000002,2060142012,삼척도계도서관,강원,삼척시,85146,2,3585,11284,23650
2024,LIBTYPE000002,2060142013,삼척원덕도서관,강원,삼척시,79609,2,1706,5004,23650
2024,LIBTYPE000002,2060144020,삽교공공도서관,충남,예산군,73351,2,1399,4622,25229
2024,LIBTYPE000002,2060147046,상주시립도서관,경북,상주시,30821,1,4256,37163,35963
2024,LIBTYPE000002,2060122024,서구영어도서관,대구,서구,18469,0.5,688,18136,32605
2024,LIBTYPE000002,2060124022,서빛마루도서관,광주,서구,22975,2,4037,40929,67394
2024,LIBTYPE000002,2060144011,서산시립도서관,충남,서산시,308260,7,77195,178149,246816
2024,LIBTYPE000002,2060123029,선학별빛도서관,인천,연수구,63095,1,25520,89865,86327
2024,LIBTYPE000002,2060111002,성동구립도서관,서울,성동구,231786,17,19144,345603,195677
2024,LIBTYPE000002,20601110037,성북길빛도서관,서울,성북구,38576,5,9489,120613,32423
2024,LIBTYPE000002,2060111009,성북정보도서관,서울,성북구,166641,15,9417,75984,160310
2024,LIBTYPE000002,2060149010,성산일출도서관,제주,서귀포시,72575,5,5964,43343,39992
2024,LIBTYPE000002,2060132012,세종시립도서관,세종,세종시,177327,10,30088,497854,221457
2024,LIBTYPE000002,2050142009,속초교육도서관,강원,속초시,79511,3,1712,29397,42000
2024,LIBTYPE000002,2050142004,속초교육문화관,강원,속초시,120248,10,38999,81188,94800
2024,LIBTYPE000002,2060142032,속초시립도서관,강원,속초시,69010,3,3962,69783,50000
2024,LIBTYPE000002,20601110014,송파위례도서관,서울,송파구,59039,6,14894,178319,56164
2024,LIBTYPE000002,2060145034,순창군립도서관,전북,순창군,58443,3,12832,12832,44340
2024,LIBTYPE000002,20601110049,신당누리도서관,서울,중구,17419,3,13660,16586,76086
2024,LIBTYPE000002,2060146025,신안군립도서관,전남,신안군,45067,1,833,2863,14114
2024,LIBTYPE000002,2060111027,신월음악도서관,서울,양천구,51416,6,10002,69408,157582
2024,LIBTYPE000002,20601110035,쌍문채움도서관,서울,도봉구,26910,4,17954,47145,58692
2024,LIBTYPE000002,2060149011,안덕산방도서관,제주,서귀포시,65073,3,1416,30775,40000
2024,LIBTYPE000002,2060121020,안락누리도서관,부산,동래구,64710,4,6162,125859,77434
2024,LIBTYPE000002,2060141020,안산중앙도서관,경기,안산시,317238,13,22518,22518,121300
2024,LIBTYPE000002,2050142020,양구교육도서관,강원,양구군,101081,3,1731,42260,60983
2024,LIBTYPE000002,2050142010,양양교육도서관,강원,양양군,71097,3,14994,47328,45000
2024,LIBTYPE000002,20601110029,양원숲속도서관,서울,중랑구,60232,6,40918,154567,45952
2024,LIBTYPE000002,2060141180,양주희망도서관,경기,양주시,67337,3,22810,62551,26033
2024,LIBTYPE000002,20601110048,양천중앙도서관,서울,양천구,94078,21,18702,122415,192211
2024,LIBTYPE000002,2060141057,양평용문도서관,경기,양평군,92765,2,3591,61700,43136
2024,LIBTYPE000002,2060143019,엄정꿈터도서관,충북,충주시,28114,0,388,4509,8100
2024,LIBTYPE000002,2060111095,여의샛강도서관,서울,영등포구,14816,2,6442,56056,23685
2024,LIBTYPE000002,2060123038,연수꿈담도서관,인천,연수구,51204,1.5,66715,115400,94133
2024,LIBTYPE000002,2060123014,연수청학도서관,인천,연수구,98455,4,13585,118584,114307
2024,LIBTYPE000002,2060131006,염포양정도서관,울산,북구,55179,3,2623,44041,32343
2024,LIBTYPE000002,2060146021,영광군립도서관,전남,영광군,95090,2,21,226,53775
2024,LIBTYPE000002,2050143009,영동교육도서관,충북,영동군,27574,3,5567,16802,25915
2024,LIBTYPE000002,2050142015,영월교육도서관,강원,영월군,109746,3,15356,34995,54570
2024,LIBTYPE000002,2060142014,영월주천도서관,강원,영월군,30156,0,180,2990,10000
2024,LIBTYPE000002,2060147015,영주시립도서관,경북,영주시,90004,2.5,9924,34724,25162
2024,LIBTYPE000002,2060147045,영주하망도서관,경북,영주시,14371,3,1373,18325,223922
2024,LIBTYPE000002,2060147016,영천시립도서관,경북,영천시,158193,4,5540,100253,139434
2024,LIBTYPE000002,2060144031,예산군립도서관,충남,예산군,70730,3,7811,24550,59721
2024,LIBTYPE000002,2060143025,오창호수도서관,충북,청주시,153624,10,79961,347053,91382
2024,LIBTYPE000002,2060146012,옥과공공도서관,전남,곡성군,48390,1,565,10148,30000
2024,LIBTYPE000002,2060141236,옥정호수도서관,경기,양주시,94574,3,17422,264493,62597
2024,LIBTYPE000002,2050143008,옥천교육도서관,충북,옥천군,42819,4,928,15556,21600
2024,LIBTYPE000002,2060143016,옥천군민도서관,충북,옥천군,86902,3,2222,51499,89313
2024,LIBTYPE000002,2060146022,완도군립도서관,전남,완도군,127936,3,6809,23007,65000
2024,LIBTYPE000002,2060141024,용인중앙도서관,경기,용인시,270266,6,27270,346681,127804
2024,LIBTYPE000002,2050131002,울산남부도서관,울산,남구,279553,15,12866,335687,185910
2024,LIBTYPE000002,2050131003,울산동부도서관,울산,동구,254455,12,9256,258508,129148
2024,LIBTYPE000002,2060131013,울주천상도서관,울산,울주군,57875,3,33509,103275,66916
2024,LIBTYPE000002,2060147030,울진남부도서관,경북,울진군,62087,5,2470,6444,20000
2024,LIBTYPE000002,2050142002,원주교육문화관,강원,원주시,275069,10,7789,192945,160665
2024,LIBTYPE000002,20601110070,원지공원도서관,서울,영등포구,5964,5,96,2173,5600
2024,LIBTYPE000002,2060141281,월피예술도서관,경기,안산시,24611,4,5501,47338,103688
2024,LIBTYPE000002,2060111007,은평구립도서관,서울,은평구,230986,18,19214,197801,126123
2024,LIBTYPE000002,2050143013,음성교육도서관,충북,음성군,44220,3,1065,16834,31500
2024,LIBTYPE000002,2060143009,음성대소도서관,충북,음성군,48693,2,1064,2475,17040
2024,LIBTYPE000002,2060147022,의성군립도서관,경북,의성군,55723,4,4218,20048,35000
2024,LIBTYPE000002,2060141206,이동꿈틀도서관,경기,용인시,34930,0.5,3931,19288,19922
2024,LIBTYPE000002,2060124014,이야기꽃도서관,광주,광산구,58716,2,5929,115218,44750
2024,LIBTYPE000002,2060141045,이천시립도서관,경기,이천시,163277,6,7670,85943,176205
2024,LIBTYPE000002,2050142021,인제교육도서관,강원,인제군,68587,3,666,18106,43530
2024,LIBTYPE000002,2060145042,임실군립도서관,전북,임실군,31019,3,6465,10237,66575
2024,LIBTYPE000002,20601110040,자양한강도서관,서울,광진구,65599,7,15832,258222,128389
2024,LIBTYPE000002,2060145012,장수군립도서관,전북,장수군,56577,3,2910,8575,30000
2024,LIBTYPE000002,2060145025,전북도청도서관,전북,전주시,91523,4,8426,24762,44851
2024,LIBTYPE000002,2050142017,정선교육도서관,강원,정선군,76316,3,808,14577,50178
2024,LIBTYPE000002,2060142046,정선군립도서관,강원,정선군,17273,5,13846,17553,285404
2024,LIBTYPE000002,2060143004,제천시립도서관,충북,제천시,236279,15,44702,170018,383245
2024,LIBTYPE000002,2060143005,제천여성도서관,충북,제천시,73032,2,7564,22029,83000
2024,LIBTYPE000002,2060121032,주례열린도서관,부산,사상구,50294,6,4342,36033,694813
2024,LIBTYPE000002,20601110034,중랑상봉도서관,서울,중랑구,66707,6,24643,127403,54928
2024,LIBTYPE000002,2050143004,중원교육도서관,충북,충주시,48626,2,292,7952,21410
2024,LIBTYPE000002,2060142031,중천철학도서관,강원,원주시,42747,2,3867,24568,19956
2024,LIBTYPE000002,2050143012,증평교육도서관,충북,증평군,39394,4,849,20705,21240
2024,LIBTYPE000002,2060143022,증평군립도서관,충북,증평군,88569,4,3479,51969,60000
2024,LIBTYPE000002,2060123036,지혜의숲도서관,인천,강화군,20849,2,1690,24785,33708
2024,LIBTYPE000002,2060147027,진보공공도서관,경북,청송군,37313,1,476,10071,24697
2024,LIBTYPE000002,2060148022,진영한빛도서관,경남,김해시,132190,5,48191,142801,89820
2024,LIBTYPE000002,2050143010,진천교육도서관,충북,진천군,45610,3,583,10575,18000
2024,LIBTYPE000002,2060143021,진천군립도서관,충북,진천군,108013,4,2203,38627,67079
2024,LIBTYPE000002,2060148001,창원중앙도서관,경남,창원시,308839,16,17089,236715,120506
2024,LIBTYPE000002,2060144028,천안도솔도서관,충남,천안시,98875,2,24598,287187,82693
2024,LIBTYPE000002,2060144029,천안두정도서관,충남,천안시,222132,5,14821,202064,158397
2024,LIBTYPE000002,2060144022,천안성거도서관,충남,천안시,84894,2,19582,57019,59311
2024,LIBTYPE000002,2060144030,천안신방도서관,충남,천안시,123255,3,13862,223138,102856
2024,LIBTYPE000002,2060144014,천안쌍용도서관,충남,천안시,188903,5,15805,253345,132766
2024,LIBTYPE000002,2060144021,천안중앙도서관,충남,천안시,88072,5.5,24598,72917,151664
2024,LIBTYPE000002,2060144044,천안직산도서관,충남,천안시,14455,4,1150,4405,178651
2024,LIBTYPE000002,2060144041,천안청수도서관,충남,천안시,98435,4,14701,267079,151766
2024,LIBTYPE000002,2060142019,철원갈말도서관,강원,철원군,65384,2,9590,32468,50000
2024,LIBTYPE000002,2050142018,철원교육도서관,강원,철원군,63084,3,12091,24875,53644
2024,LIBTYPE000002,2060142018,철원김화도서관,강원,철원군,69115,2,6410,27821,50000
2024,LIBTYPE000002,2060111094,청운문학도서관,서울,종로구,41055,3,30267,30267,70660
2024,LIBTYPE000002,2060143028,청주금빛도서관,충북,청주시,78220,3,15972,377907,88410
2024,LIBTYPE000002,2060143034,청주내수도서관,충북,청주시,29089,2,5144,46156,51317
2024,LIBTYPE000002,2060143014,청주상당도서관,충북,청주시,142792,2,41459,188327,76878
2024,LIBTYPE000002,2060143018,청주서원도서관,충북,청주시,127957,3,29824,172210,77109
2024,LIBTYPE000002,2060143001,청주시립도서관,충북,청주시,231448,8,47587,178350,160923
2024,LIBTYPE000002,2030143001,청주열린도서관,충북,청주시,33966,8,0,0,30906
2024,LIBTYPE000002,2060143013,청주오창도서관,충북,청주시,109946,2,24079,109533,51258
2024,LIBTYPE000002,2060143011,청주청원도서관,충북,청주시,153396,2,32209,154802,74976
2024,LIBTYPE000002,2060143012,청주흥덕도서관,충북,청주시,130426,2,44644,160211,80656
2024,LIBTYPE000002,2050142006,춘성교육도서관,강원,춘천시,66692,3,6838,19619,57278
2024,LIBTYPE000002,2050142001,춘천교육문화관,강원,춘천시,138794,11,37486,81160,106000
2024,LIBTYPE000002,2060142003,춘천남산도서관,강원,춘천시,37801,1,1780,12414,27299
2024,LIBTYPE000002,2060142004,춘천동내도서관,강원,춘천시,49112,1,7005,9919,21105
2024,LIBTYPE000002,2060142006,춘천서면도서관,강원,춘천시,22753,1,6040,6040,25072
2024,LIBTYPE000002,2060142001,춘천시립도서관,강원,춘천시,260093,12,21814,357805,398569
2024,LIBTYPE000002,2060143002,충주시립도서관,충북,충주시,266547,5,10487,165931,180915
2024,LIBTYPE000002,2060147029,칠곡군립도서관,경북,칠곡군,101176,6,3241,69968,99378
2024,LIBTYPE000002,2060145038,콩쥐팥쥐도서관,전북,완주군,49984,4,19412,60081,64289
2024,LIBTYPE000002,2050142012,태백교육도서관,강원,태백시,84448,3,1596,38819,53768
2024,LIBTYPE000002,2060142011,태백시립도서관,강원,태백시,110044,3,6861,23392,90000
2024,LIBTYPE000002,2060142022,토성공공도서관,강원,고성군,43288,1,754,15868,20000
2024,LIBTYPE000002,2060148026,통영시립도서관,경남,통영시,89943,4,4607,76214,68135
2024,LIBTYPE000002,2050142016,평창교육도서관,강원,평창군,61692,3,680,21785,40000
2024,LIBTYPE000002,2030111003,한국학생도서관,서울,중구,11333,2,46,110,2933
2024,LIBTYPE000002,2030122002,한들마을도서관,대구,동구,25017,0.5,5409,5409,9600
2024,LIBTYPE000002,2060123032,함박비류도서관,인천,연수구,36943,2,15010,45772,57994
2024,LIBTYPE000002,2060146030,함평군립도서관,전남,함평군,34991,2,1698,2625,7500
2024,LIBTYPE000002,20601110060,항동푸른도서관,서울,구로구,16594,2,6287,53012,34413
2024,LIBTYPE000002,2060146027,해남군립도서관,전남,해남군,96270,2,2150,40087,51934
2024,LIBTYPE000002,2060144035,홍산공공도서관,충남,부여군,31825,2,2123,5681,15000
2024,LIBTYPE000002,2060111073,홍은도담도서관,서울,서대문구,49856,4,5857,55914,59093
2024,LIBTYPE000002,2050142013,홍천교육도서관,강원,홍천군,83469,3,14059,27847,37500
2024,LIBTYPE000002,2060142040,홍천내면도서관,강원,홍천군,12666,1,205,4554,19967
2024,LIBTYPE000002,2060142028,홍천연봉도서관,강원,홍천군,72187,2,2045,34897,40000
2024,LIBTYPE000002,2060146037,화순열린도서관,전남,화순군,71759,2,1733,26746,39000
2024,LIBTYPE000002,2060148020,화정글샘도서관,경남,김해시,113387,5,15903,223727,86860
2024,LIBTYPE000002,2050142019,화천교육도서관,강원,화천군,52010,3,18658,18658,45000
2024,LIBTYPE000002,2050142014,횡성교육도서관,강원,횡성군,91304,3,7560,15851,41760
2024,LIBTYPE000002,2060142030,횡성군립도서관,강원,횡성군,81891,2,2347,41819,90000
2024,LIBTYPE000002,20601110056,휘경행복도서관,서울,동대문구,20479,5,3328,54769,49260
2024,LIBTYPE000002,20601110003,구의제3동도서관,서울,광진구,26380,5,35582,69031,27453
2024,LIBTYPE000002,2060122016,서구 비산도서관,대구,서구,28806,1,1567,28840,37547
2024,LIBTYPE000002,2060111039,자양제4동도서관,서울,광진구,25609,4,7096,55602,25619
2024,LIBTYPE000002,2060124009,계림꿈나무도서관,광주,동구,26678,0,2384,39921,14000
2024,LIBTYPE000002,2060121023,고촌어울림도서관,부산,기장군,30402,2,1284,27101,116000
2024,LIBTYPE000002,2060144002,공주기적의도서관,충남,공주시,131522,5,4394,97170,117252
2024,LIBTYPE000002,2060141131,과천시문원도서관,경기,과천시,74031,4,20857,73872,60300
2024,LIBTYPE000002,2060141213,광명시충현도서관,경기,광명시,63082,2,9179,98261,42727
2024,LIBTYPE000002,2060141035,광명시하안도서관,경기,광명시,255734,7,19770,273377,151227
2024,LIBTYPE000002,2060141075,교문방정환도서관,경기,구리시,159484,4,33089,71225,76220
2024,LIBTYPE000002,2060146013,구례군매천도서관,전남,구례군,42438,2,939,13788,34000
2024,LIBTYPE000002,20601110031,구로기적의도서관,서울,구로구,35609,5,5041,108695,45647
2024,LIBTYPE000002,2060111012,구로꿈나무도서관,서울,구로구,10721,0,903,14821,19076
2024,LIBTYPE000002,2060141074,구리시인창도서관,경기,구리시,253537,8,11000,172687,134642
2024,LIBTYPE000002,20601110036,구립은뜨락도서관,서울,은평구,41856,6,11559,121840,50617
2024,LIBTYPE000002,20601110001,구산동도서관마을,서울,은평구,78871,8,15263,183674,59126
2024,LIBTYPE000002,20601110051,김근태기념도서관,서울,도봉구,18472,6,3118,9628,36300
2024,LIBTYPE000002,2060141216,김포시고촌도서관,경기,김포시,105009,2,10147,281689,71477
2024,LIBTYPE000002,2060141256,김포시마산도서관,경기,김포시,73529,3,15130,332063,75813
2024,LIBTYPE000002,2060141132,김포시양곡도서관,경기,김포시,111631,2,8343,135444,68616
2024,LIBTYPE000002,2060141223,김포시장기도서관,경기,김포시,173071,17,24161,554673,108596
2024,LIBTYPE000002,2060141047,김포시중봉도서관,경기,김포시,332369,0,0,0,0
2024,LIBTYPE000002,2060141104,김포시통진도서관,경기,김포시,173362,4,8809,150968,55801
2024,LIBTYPE000002,2060141232,김포시풍무도서관,경기,김포시,126524,5,19399,424704,72763
2024,LIBTYPE000002,2060145045,남원어울림도서관,전북,남원시,18514,2,7552,7552,280375
2024,LIBTYPE000002,2060121018,대라다목적도서관,부산,기장군,47541,2,2093,37799,30000
2024,LIBTYPE000002,2060122018,대명어울림도서관,대구,남구,15860,1,1284,17627,27437
2024,LIBTYPE000002,2060141080,동두천시립도서관,경기,동두천시,198661,2,12035,45262,68370
2024,LIBTYPE000002,2060146048,목포어울림도서관,전남,목포시,37724,3,25951,86144,65267
2024,LIBTYPE000002,20601110032,배봉산숲속도서관,서울,동대문구,18089,3,6281,54619,46035
2024,LIBTYPE000002,2060146016,보성농어촌도서관,전남,보성군,58584,1,1634,4863,15000
2024,LIBTYPE000002,2060146041,빛가람시립도서관,전남,나주시,93850,6,49260,182449,119800
2024,LIBTYPE000002,20601110021,서초그림책도서관,서울,서초구,17145,3,4159,49085,14918
2024,LIBTYPE000002,20601110044,서초청소년도서관,서울,서초구,36575,5,15685,174821,80000
2024,LIBTYPE000002,2020141001,성남시구미도서관,경기,성남시,212664,5,34154,454763,164438
2024,LIBTYPE000002,2060141237,성남시복정도서관,경기,성남시,60194,5,14909,118902,75135
2024,LIBTYPE000002,2060141007,성남시분당도서관,경기,성남시,325544,3.5,37577,480167,167452
2024,LIBTYPE000002,2060141008,성남시수정도서관,경기,성남시,291923,14,23433,211885,181450
2024,LIBTYPE000002,2060141173,성남시운중도서관,경기,성남시,64182,2.5,16562,161179,63131
2024,LIBTYPE000002,2060141006,성남시중앙도서관,경기,성남시,304356,9.5,36942,419640,368404
2024,LIBTYPE000002,2060141009,성남시중원도서관,경기,성남시,310019,15,25034,250261,172885
2024,LIBTYPE000002,2060141123,성남시판교도서관,경기,성남시,220272,5,37670,448984,169610
2024,LIBTYPE000002,2060147023,성주군청사도서관,경북,성주군,13597,1,492,1181,10000
2024,LIBTYPE000002,2060111029,성현동작은도서관,서울,관악구,53449,1,8406,35775,41939
2024,LIBTYPE000002,20601110054,손기정문화도서관,서울,중구,27344,4,6697,45714,62850
2024,LIBTYPE000002,2060111087,송파글마루도서관,서울,송파구,103533,14,20693,261190,118776
2024,LIBTYPE000002,2060141001,수원시선경도서관,경기,수원시,477097,6,25711,131520,123780
2024,LIBTYPE000002,2060141003,수원시영통도서관,경기,수원시,282579,4,26284,275338,79780
2024,LIBTYPE000002,2060141183,수원시일월도서관,경기,수원시,99174,4,22614,203693,73780
2024,LIBTYPE000002,2060141002,수원시중앙도서관,경기,수원시,245814,4,18304,101741,60780
2024,LIBTYPE000002,2060141168,수원시창룡도서관,경기,수원시,97035,3,18098,123316,67780
2024,LIBTYPE000002,2060141164,수원시한림도서관,경기,수원시,86962,4,17525,141636,67780
2024,LIBTYPE000002,2060141116,시흥시군자도서관,경기,시흥시,78476,1,1688,66885,54699
2024,LIBTYPE000002,2060141124,시흥시능곡도서관,경기,시흥시,96393,1,6572,223851,59936
2024,LIBTYPE000002,2060141037,시흥시대야도서관,경기,시흥시,84422,1,7001,141290,64597
2024,LIBTYPE000002,2060141141,시흥시매화도서관,경기,시흥시,42877,0,996,21289,17702
2024,LIBTYPE000002,2060141245,시흥시배곧도서관,경기,시흥시,69389,2,12671,417580,105300
2024,LIBTYPE000002,2060141142,시흥시신천도서관,경기,시흥시,47843,0,1335,27399,16344
2024,LIBTYPE000002,2060141288,시흥시은계도서관,경기,시흥시,19142,4,5277,78785,139042
2024,LIBTYPE000002,2060141181,시흥시장곡도서관,경기,시흥시,46089,2,3651,108062,49599
2024,LIBTYPE000002,2060141036,시흥시중앙도서관,경기,시흥시,280562,10,8717,289429,104791
2024,LIBTYPE000002,20601110061,신대방누리도서관,서울,동작구,28345,4,7936,63252,48088
2024,LIBTYPE000002,20601110058,아차산숲속도서관,서울,광진구,10179,5,4489,39129,28394
2024,LIBTYPE000002,2060141193,안산미디어도서관,경기,안산시,43476,4,3373,47343,151600
2024,LIBTYPE000002,2060141021,안산시관산도서관,경기,안산시,204394,3,8948,94970,105520
2024,LIBTYPE000002,2060141022,안산시성포도서관,경기,안산시,143670,2,9552,94204,72088
2024,LIBTYPE000002,2060141016,안양시만안도서관,경기,안양시,249464,4,14159,214747,102120
2024,LIBTYPE000002,2060141017,안양시박달도서관,경기,안양시,98576,3,12962,121292,100000
2024,LIBTYPE000002,2060141158,안양시벌말도서관,경기,안양시,64376,2.5,10765,117980,85000
2024,LIBTYPE000002,2060141015,안양시석수도서관,경기,안양시,442830,14,20011,199114,276725
2024,LIBTYPE000002,2060141018,안양시평촌도서관,경기,안양시,200502,9,15160,108144,85000
2024,LIBTYPE000002,2060141019,안양시호계도서관,경기,안양시,158001,4,16969,188770,111400
2024,LIBTYPE000002,2060141261,여주기적의도서관,경기,여주시,19226,2,1882,22497,38078
2024,LIBTYPE000002,2060111054,역삼푸른솔도서관,서울,강남구,41152,5,13855,61222,42656
2024,LIBTYPE000002,20601110008,영어특성화도서관,서울,양천구,67546,7,15505,295552,176556
2024,LIBTYPE000002,2060141175,오산시초평도서관,경기,오산시,52507,1.5,11357,190070,37731
2024,LIBTYPE000002,20601110015,용산꿈나무도서관,서울,용산구,56229,6,8512,157669,96000
2024,LIBTYPE000002,2060141027,용인시구성도서관,경기,용인시,142322,3.5,23864,314079,96587
2024,LIBTYPE000002,2060141025,용인시수지도서관,경기,용인시,263300,9,48794,910884,184807
2024,LIBTYPE000002,2060141092,용인시죽전도서관,경기,용인시,192254,4,27594,415609,133955
2024,LIBTYPE000002,2060141026,용인시포곡도서관,경기,용인시,168363,3,16523,165061,106828
2024,LIBTYPE000002,2060111058,우장산숲속도서관,서울,강서구,57447,5,12801,150332,63800
2024,LIBTYPE000002,2060131016,울산종갓집도서관,울산,중구,92713,7,9896,84351,874095
2024,LIBTYPE000002,2060131008,울주선바위도서관,울산,울주군,156668,8,76050,249129,169087
2024,LIBTYPE000002,20601110011,월곡꿈그림도서관,서울,성북구,20457,3,20474,30898,20514
2024,LIBTYPE000002,2060111060,은천동작은도서관,서울,관악구,48744,2,11145,78302,60161
2024,LIBTYPE000002,2060141052,의왕시내손도서관,경기,의왕시,220971,2,13504,320507,103500
2024,LIBTYPE000002,2060141051,의왕시중앙도서관,경기,의왕시,193477,8,11007,207164,131505
2024,LIBTYPE000002,2060141065,의정부과학도서관,경기,의정부시,178078,6,43308,192751,37400
2024,LIBTYPE000002,2060141238,의정부미술도서관,경기,의정부시,55553,5,12773,135628,37400
2024,LIBTYPE000002,2060141276,의정부영어도서관,경기,의정부시,55443,3,8420,141940,35000
2024,LIBTYPE000002,2060141263,의정부음악도서관,경기,의정부시,12994,4.5,5969,51356,35000
2024,LIBTYPE000002,2060141066,의정부정보도서관,경기,의정부시,171832,17,59134,137130,41250
2024,LIBTYPE000002,2060123037,이룸청소년도서관,인천,동구,7160,1,1613,4381,20852
2024,LIBTYPE000002,2060141046,이천시청미도서관,경기,이천시,113964,3,3013,42823,48000
2024,LIBTYPE000002,2060142041,인제기적의도서관,강원,인제군,26099,3,2309,40263,182554
2024,LIBTYPE000002,2060145016,임피채만식도서관,전북,군산시,34596,0,1506,1506,9628
2024,LIBTYPE000002,2060146035,전라남도립도서관,전남,무안군,351305,8,89812,352398,450000
2024,LIBTYPE000002,2050145015,정읍학생복지회관,전북,정읍시,75972,4,767,15330,50940
2024,LIBTYPE000002,2060149001,제주시우당도서관,제주,제주시,256960,5.5,64449,183218,116973
2024,LIBTYPE000002,20601110073,종암동새날도서관,서울,성북구,47504,5,4384,54326,20514
2024,LIBTYPE000002,2060144023,천안아우내도서관,충남,천안시,70623,2,14096,37659,51320
2024,LIBTYPE000002,2060143033,청주가로수도서관,충북,청주시,64131,1,17006,317918,94927
2024,LIBTYPE000002,2060141070,파주시중앙도서관,경기,파주시,207426,19,14132,164986,216792
2024,LIBTYPE000002,2060141242,하남시미사도서관,경기,하남시,148719,6,27479,553068,135290
2024,LIBTYPE000002,2060141227,하남시세미도서관,경기,하남시,34492,1,2556,64727,38644
2024,LIBTYPE000002,2060141050,하남시신장도서관,경기,하남시,143081,6,8663,137924,70439
2024,LIBTYPE000002,2060141257,하남시위례도서관,경기,하남시,59119,4,18638,379724,88000
2024,LIBTYPE000002,2060141272,하남시일가도서관,경기,하남시,31975,2,4559,89453,56000
2024,LIBTYPE000002,2060146032,해룡농어촌도서관,전남,순천시,30849,0,838,4572,20600
2024,LIBTYPE000002,20601110023,해맞이역사도서관,서울,양천구,38539,4,10486,87060,139810
2024,LIBTYPE000002,2060141129,행복어린이도서관,경기,파주시,29013,1.5,2315,21355,18468
2024,LIBTYPE000002,2060124020,효천어울림도서관,광주,남구,31453,3,5770,133151,111965
2024,LIBTYPE000002,2060141100,가평군 설악도서관,경기,가평군,68563,2,9870,21680,31254
2024,LIBTYPE000002,2060141083,가평군 조종도서관,경기,가평군,76159,1.5,19233,25989,17250
2024,LIBTYPE000002,2060141143,가평군 청평도서관,경기,가평군,79113,2,4187,26089,30415
2024,LIBTYPE000002,2060141062,고양시 화정도서관,경기,고양시,156122,13,31074,242378,261661
2024,LIBTYPE000002,2060144003,공주시 웅진도서관,충남,공주시,138700,5,2399,54782,84708
2024,LIBTYPE000002,2060141039,군포시 당동도서관,경기,군포시,111431,3,4231,50909,55926
2024,LIBTYPE000002,2060141040,군포시 대야도서관,경기,군포시,101411,3.5,26616,367158,55926
2024,LIBTYPE000002,2060141146,군포시 부곡도서관,경기,군포시,100294,2.5,4894,100553,55926
2024,LIBTYPE000002,2060141038,군포시 산본도서관,경기,군포시,193282,10.5,19707,309942,170462
2024,LIBTYPE000002,2060141088,군포시 중앙도서관,경기,군포시,378082,12.5,17899,367158,230466
2024,LIBTYPE000002,2060141127,금촌3동솔빛도서관,경기,파주시,55586,3,4405,38039,23085
2024,LIBTYPE000002,2060124015,남구 청소년도서관,광주,남구,58310,2,6058,101331,58797
2024,LIBTYPE000002,2030141009,라이브러리 티티섬,경기,성남시,15679,2,205,1223,15675
2024,LIBTYPE000002,2060144012,서산시 대산도서관,충남,서산시,104367,4,1902,39406,46880
2024,LIBTYPE000002,2060141286,성남시 고등도서관,경기,성남시,18246,1,28237,28237,41595
2024,LIBTYPE000002,2060141230,성남시 서현도서관,경기,성남시,105094,4,35769,502923,115000
2024,LIBTYPE000002,2060141243,성남시 위례도서관,경기,성남시,44462,1.5,16554,250113,92064
2024,LIBTYPE000002,2060141233,시흥시 목감도서관,경기,시흥시,67127,2,4942,200018,68920
2024,LIBTYPE000002,2060144016,아산시 둔포도서관,충남,아산시,101305,0,4228,63290,46439
2024,LIBTYPE000002,2060144017,아산시 배방도서관,충남,아산시,114341,6,7907,118425,85000
2024,LIBTYPE000002,2060144039,아산시 중앙도서관,충남,아산시,252928,14,16273,315439,314878
2024,LIBTYPE000002,2060141122,안산시 부곡도서관,경기,안산시,27684,1,8725,20171,18940
2024,LIBTYPE000002,2060141114,안성시 공도도서관,경기,안성시,177491,3,6533,195867,98471
2024,LIBTYPE000002,2060141049,안성시 보개도서관,경기,안성시,94063,2.5,3038,85646,64015
2024,LIBTYPE000002,2060141251,안성시 아양도서관,경기,안성시,74680,3,6545,118723,103830
2024,LIBTYPE000002,2060141185,안성시 일죽도서관,경기,안성시,35427,3,565,12104,32212
2024,LIBTYPE000002,2060141091,안성시 중앙도서관,경기,안성시,462952,11.5,6365,181018,220538
2024,LIBTYPE000002,2060141159,안성시 진사도서관,경기,안성시,100933,1.5,4031,128102,71820
2024,LIBTYPE000002,2060141099,양주시 남면도서관,경기,양주시,65898,0,9689,17748,13898
2024,LIBTYPE000002,2060141084,연천군 중앙도서관,경기,연천군,100781,2.5,2543,51729,27880
2024,LIBTYPE000002,2060146047,영암군 학산도서관,전남,영암군,13337,2,2022,10795,28000
2024,LIBTYPE000002,2060141097,오산시 중앙도서관,경기,오산시,243403,7,11357,190070,119070
2024,LIBTYPE000002,2060141053,오산시 청학도서관,경기,오산시,47351,1,2526,15467,23254
2024,LIBTYPE000002,2060141118,용인시 기흥도서관,경기,용인시,194516,7,32130,413211,125340
2024,LIBTYPE000002,2060141098,용인시 동백도서관,경기,용인시,152985,5,27009,388704,127526
2024,LIBTYPE000002,2060141138,용인시 모현도서관,경기,용인시,131561,2.5,14895,100519,97231
2024,LIBTYPE000002,2060141190,용인시 청덕도서관,경기,용인시,116294,3,21775,282506,115609
2024,LIBTYPE000002,2060141161,용인시 흥덕도서관,경기,용인시,140350,3,22123,299633,115684
2024,LIBTYPE000002,2060131001,울산농소3동도서관,울산,북구,54878,3,4601,72853,30367
2024,LIBTYPE000002,2060145043,익산시 유천도서관,전북,익산시,32420,4,5574,73790,86918
2024,LIBTYPE000002,2060148031,창녕군 영산도서관,경남,창녕군,67913,2,599,8449,51240
2024,LIBTYPE000002,2060141101,하남시 나룰도서관,경기,하남시,234211,4.5,20328,326036,110196
2024,LIBTYPE000002,2060141198,하남시 덕풍도서관,경기,하남시,28474,1,3910,33587,30018
2024,LIBTYPE000002,2060111063,강동구립강일도서관,서울,강동구,94968,6,13415,229024,81471
2024,LIBTYPE000002,20601110045,강동구립둔촌도서관,서울,강동구,41352,7,11357,135048,79186
2024,LIBTYPE000002,2060111031,강동구립성내도서관,서울,강동구,85181,6,13491,158848,75088
2024,LIBTYPE000002,2060111066,강동구립암사도서관,서울,강동구,96460,7,13616,198260,72102
2024,LIBTYPE000002,20601110012,강동구립천호도서관,서울,강동구,56210,6,11529,129497,78686
2024,LIBTYPE000002,2060111046,강동구립해공도서관,서울,강동구,90594,6,15392,168917,75109
2024,LIBTYPE000002,2060142008,강릉시립중앙도서관,강원,강릉시,91003,5,28380,74836,75850
2024,LIBTYPE000002,2060111005,강북문화정보도서관,서울,강북구,198909,7,14773,259350,186202
2024,LIBTYPE000002,2060148035,거제시립수양도서관,경남,거제시,56421,1.5,6818,131042,67800
2024,LIBTYPE000002,2060148042,거제시립아주도서관,경남,거제시,31574,2,33620,118913,46442
2024,LIBTYPE000002,2060148025,거제시립옥포도서관,경남,거제시,59577,3,37304,80879,49737
2024,LIBTYPE000002,2060148029,거제시립장평도서관,경남,거제시,70516,3,25130,84734,52719
2024,LIBTYPE000002,2060148037,거제시립하청도서관,경남,거제시,44965,2,14687,61843,67800
2024,LIBTYPE000002,2060147036,경산시립장산도서관,경북,경산시,120562,3,4290,68097,35000
2024,LIBTYPE000002,2060141196,고양시립가좌도서관,경기,고양시,84796,2,54580,70890,95758
2024,LIBTYPE000002,2060141275,고양시립높빛도서관,경기,고양시,61108,2,21926,119881,116598
2024,LIBTYPE000002,2060141086,고양시립대화도서관,경기,고양시,145965,3,29568,279919,145020
2024,LIBTYPE000002,2060141135,고양시립덕이도서관,경기,고양시,87691,4,19027,150698,96461
2024,LIBTYPE000002,2060141060,고양시립마두도서관,경기,고양시,157401,3,28547,220230,132903
2024,LIBTYPE000002,2060141061,고양시립백석도서관,경기,고양시,96411,4,23931,170796,82152
2024,LIBTYPE000002,2060141176,고양시립삼송도서관,경기,고양시,88322,3,25531,269392,130868
2024,LIBTYPE000002,2060141136,고양시립식사도서관,경기,고양시,94216,2,21034,193246,113125
2024,LIBTYPE000002,2060141064,고양시립원당도서관,경기,고양시,65098,0,0,0,0
2024,LIBTYPE000002,2060141250,고양시립일산도서관,경기,고양시,52758,3,19887,159550,103373
2024,LIBTYPE000002,2060141094,고양시립풍동도서관,경기,고양시,86310,2,20131,144280,95799
2024,LIBTYPE000002,2060141087,고양시립한뫼도서관,경기,고양시,133860,4,23231,199208,118734
2024,LIBTYPE000002,2060141063,고양시립행신도서관,경기,고양시,141525,3,21462,152246,108700
2024,LIBTYPE000002,2060145026,고창군립성호도서관,전북,고창군,41303,1,1092,18293,19000
2024,LIBTYPE000002,2060146015,고흥군립북부도서관,전남,고흥군,54090,0,1314,1314,35000
2024,LIBTYPE000002,2060146034,고흥군립중앙도서관,전남,고흥군,54304,4,3341,29724,50000
2024,LIBTYPE000002,2060124011,광주북구운암도서관,광주,북구,103659,2,76745,151738,61689
2024,LIBTYPE000002,2060124005,광주북구일곡도서관,광주,북구,147339,6,8027,124760,69259
2024,LIBTYPE000002,2060141048,광주시립중앙도서관,경기,광주시,303709,12,17022,269199,272980
2024,LIBTYPE000002,2060141111,구리시립토평도서관,경기,구리시,185458,4.5,11547,215158,99719
2024,LIBTYPE000002,2060111055,구립응암정보도서관,서울,은평구,44914,6,22224,79193,38049
2024,LIBTYPE000002,2060111040,구립증산정보도서관,서울,은평구,69365,8,14216,193015,61907
2024,LIBTYPE000002,2060147014,구미시립봉곡도서관,경북,구미시,133601,4,23629,154848,75503
2024,LIBTYPE000002,2060147047,구미시립산동도서관,경북,구미시,32838,5,4098,38195,545304
2024,LIBTYPE000002,2060147013,구미시립선산도서관,경북,구미시,86440,3,12428,42064,965
2024,LIBTYPE000002,2060147039,구미시립양포도서관,경북,구미시,55718,3,11071,260549,101438
2024,LIBTYPE000002,2060147012,구미시립인동도서관,경북,구미시,109334,2,13388,38258,47522
2024,LIBTYPE000002,2060147011,구미시립중앙도서관,경북,구미시,189663,12,40235,159190,353230
2024,LIBTYPE000002,2060145044,군산시립금강도서관,전북,군산시,52730,7,9336,184896,138348
2024,LIBTYPE000002,2060144004,금산인삼고을도서관,충남,금산군,76638,2,6843,17351,33480
2024,LIBTYPE000002,2060111030,금천구립가산도서관,서울,금천구,75198,7,5177,41059,140523
2024,LIBTYPE000002,2060111003,금천구립독산도서관,서울,금천구,124174,6,7971,96836,145166
2024,LIBTYPE000002,2060111084,금천구립시흥도서관,서울,금천구,93169,7,7240,131709,146031
2024,LIBTYPE000002,2060141154,남양주시진접도서관,경기,남양주시,106121,5,10359,131322,41596
2024,LIBTYPE000002,20601110066,논현문화마루도서관,서울,강남구,22205,7,13666,86731,54534
2024,LIBTYPE000002,2060122017,달서가족문화도서관,대구,달서구,80791,5,14821,420156,85358
2024,LIBTYPE000002,2060122001,달서구립도원도서관,대구,달서구,104010,4,10187,145133,66136
2024,LIBTYPE000002,2060122006,달서구립본리도서관,대구,달서구,99099,3,10211,213207,74061
2024,LIBTYPE000002,2060122002,달서구립성서도서관,대구,달서구,101015,3,10601,145077,74427
2024,LIBTYPE000002,2060144007,당진시립송악도서관,충남,당진시,60304,3,16155,63945,40000
2024,LIBTYPE000002,2060144025,당진시립중앙도서관,충남,당진시,160981,7,58171,135581,107765
2024,LIBTYPE000002,2060144008,당진시립합덕도서관,충남,당진시,38470,3,1586,15709,31888
2024,LIBTYPE000002,2060122015,대구북구태전도서관,대구,북구,63977,3,19397,121636,73064
2024,LIBTYPE000002,2050125001,대전학생교육문화원,대전,중구,130624,13,8647,283476,126000
2024,LIBTYPE000002,2060111085,도곡정보문화도서관,서울,강남구,128079,10,30880,342814,234775
2024,LIBTYPE000002,2060111008,도봉문화정보도서관,서울,도봉구,151871,7,12973,173341,181102
2024,LIBTYPE000002,20601110042,동대문책마당도서관,서울,동대문구,15638,1,4689,47029,20400
2024,LIBTYPE000002,2060142044,동해꿈빛마루도서관,강원,동해시,31468,3,5231,104649,76615
2024,LIBTYPE000002,2060142009,동해시립발한도서관,강원,동해시,119090,3,7975,50382,76615
2024,LIBTYPE000002,2060142010,동해시립북삼도서관,강원,동해시,117421,2,5365,110424,76615
2024,LIBTYPE000002,2060143023,레인보우영동도서관,충북,영동군,70089,2,1675,25524,36865
2024,LIBTYPE000002,2060111041,마포구립서강도서관,서울,마포구,74134,8,14185,179982,93528
2024,LIBTYPE000002,2060147028,문경시립모전도서관,경북,문경시,95188,3,3148,66677,59787
2024,LIBTYPE000002,2060147018,문경시립문희도서관,경북,문경시,76094,2,474,9634,24415
2024,LIBTYPE000002,2060147017,문경시립중앙도서관,경북,문경시,125909,3,1867,43239,58834
2024,LIBTYPE000002,2060111086,미아문화정보도서관,서울,강북구,44800,1,3151,19922,19000
2024,LIBTYPE000002,2060148032,밀양시립영어도서관,경남,밀양시,44702,1,5940,24898,41035
2024,LIBTYPE000002,20601110025,방아다리문학도서관,서울,양천구,33971,3,9554,67603,133748
2024,LIBTYPE000002,2060121029,부산시청열린도서관,부산,연제구,34708,5,3212,24738,30000
2024,LIBTYPE000002,2060141013,부천시립꿈빛도서관,경기,부천시,201297,3,20227,152657,114440
2024,LIBTYPE000002,2060141212,부천시립도당도서관,경기,부천시,36183,1,6161,21596,30462
2024,LIBTYPE000002,2060141210,부천시립동화도서관,경기,부천시,64852,1,9297,112304,60303
2024,LIBTYPE000002,2060141012,부천시립북부도서관,경기,부천시,134849,2.5,13847,59208,48425
2024,LIBTYPE000002,2060141125,부천시립상동도서관,경기,부천시,184257,13,26040,208532,230223
2024,LIBTYPE000002,2060141188,부천시립송내도서관,경기,부천시,118849,2,32696,149273,78775
2024,LIBTYPE000002,2060141266,부천시립수주도서관,경기,부천시,77302,12.5,15783,134982,140608
2024,LIBTYPE000002,2060141011,부천시립심곡도서관,경기,부천시,113865,3,14091,22306,26194
2024,LIBTYPE000002,2060141234,부천시립역곡도서관,경기,부천시,57350,1,11956,73079,63829
2024,LIBTYPE000002,2060141211,부천시립오정도서관,경기,부천시,100355,2,15054,138167,60268
2024,LIBTYPE000002,2060141010,부천시립원미도서관,경기,부천시,235729,4,20716,127834,72609
2024,LIBTYPE000002,2060149005,서귀포시동부도서관,제주,서귀포시,71480,3,3294,46942,54768
2024,LIBTYPE000002,2060149006,서귀포시서부도서관,제주,서귀포시,61140,4,23509,71144,59995
2024,LIBTYPE000002,2060149003,서귀포시중앙도서관,제주,서귀포시,95971,5,7824,120296,59999
2024,LIBTYPE000002,20601110020,서초구립내곡도서관,서울,서초구,84112,6,19733,166445,129815
2024,LIBTYPE000002,2060111081,서초구립반포도서관,서울,서초구,155816,12,34222,434014,285460
2024,LIBTYPE000002,20601110033,서초구립양재도서관,서울,서초구,85189,8,28332,276526,183764
2024,LIBTYPE000002,20601110007,석관동미리내도서관,서울,성북구,35982,3,5048,44526,20514
2024,LIBTYPE000002,2060141172,성남시무지개도서관,경기,성남시,49060,1,13197,131975,50024
2024,LIBTYPE000002,2060111024,성동구립금호도서관,서울,성동구,84258,7,8065,145706,58150
2024,LIBTYPE000002,2060111080,성동구립성수도서관,서울,성동구,56383,7,7933,109133,43940
2024,LIBTYPE000002,2060111032,성동구립용답도서관,서울,성동구,74047,6,5355,72948,44585
2024,LIBTYPE000002,2060111088,성동구립청계도서관,서울,성동구,57247,8,6836,130077,37990
2024,LIBTYPE000002,2060111016,솔샘문화정보도서관,서울,강북구,49500,2,5873,50094,19500
2024,LIBTYPE000002,2060111068,송중문화정보도서관,서울,강북구,25890,1,3109,15676,6000
2024,LIBTYPE000002,2060122011,수성구립고산도서관,대구,수성구,158789,8,21807,460480,147813
2024,LIBTYPE000002,2060122008,수성구립범어도서관,대구,수성구,256345,14,34145,737961,259947
2024,LIBTYPE000002,2060141156,수원시대추골도서관,경기,수원시,116436,2.5,19303,137124,67780
2024,LIBTYPE000002,2060141224,수원시매여울도서관,경기,수원시,63363,4,20106,201373,73780
2024,LIBTYPE000002,2060141167,수원시버드내도서관,경기,수원시,95465,2,17238,106287,60000
2024,LIBTYPE000002,2060141005,수원시북수원도서관,경기,수원시,226527,6,28149,246349,80780
2024,LIBTYPE000002,2060141004,수원시서수원도서관,경기,수원시,222653,4,21119,103742,64780
2024,LIBTYPE000002,2060141169,수원시호매실도서관,경기,수원시,142901,5,23796,262089,80780
2024,LIBTYPE000002,2060111069,수유문화정보도서관,서울,강북구,40408,1,4752,33266,19500
2024,LIBTYPE000002,2060146036,순천시립삼산도서관,전남,순천시,172069,6,7509,99835,69500
2024,LIBTYPE000002,2060146042,순천시립신대도서관,전남,순천시,74861,5,11975,239689,117000
2024,LIBTYPE000002,2060141252,시흥시소래빛도서관,경기,시흥시,107899,9,7125,231119,71134
2024,LIBTYPE000002,2060147010,안동시립웅부도서관,경북,안동시,81474,1,1746,30424,33500
2024,LIBTYPE000002,2060147041,안동시립중앙도서관,경북,안동시,56018,5,5845,203546,140981
2024,LIBTYPE000002,2060141192,안양시립관양도서관,경기,안양시,97412,4.5,18084,331190,110830
2024,LIBTYPE000002,2060141117,안양시립비산도서관,경기,안양시,102137,4.5,19562,248431,112000
2024,LIBTYPE000002,2060141202,안양시립삼덕도서관,경기,안양시,83440,2.5,14332,124787,100000
2024,LIBTYPE000002,2060141152,양평군립양동도서관,경기,양평군,57752,1,3158,8128,28000
2024,LIBTYPE000002,2060141153,양평군립지평도서관,경기,양평군,37614,2,1238,9738,36736
2024,LIBTYPE000002,2060146003,여수시립돌산도서관,전남,여수시,73017,1,1435,20077,66101
2024,LIBTYPE000002,2060146005,여수시립소라도서관,전남,여수시,70561,1,1863,35593,45911
2024,LIBTYPE000002,2060146004,여수시립쌍봉도서관,전남,여수시,158977,3,9167,173287,116516
2024,LIBTYPE000002,2060146006,여수시립율촌도서관,전남,여수시,54083,1,994,16353,44196
2024,LIBTYPE000002,2060146002,여수시립현암도서관,전남,여수시,162012,3,3251,68789,67289
2024,LIBTYPE000002,2060146029,여수시립환경도서관,전남,여수시,109714,2,20196,68476,73093
2024,LIBTYPE000002,2060146045,여수시이순신도서관,전남,여수시,117478,11,14001,237604,164366
2024,LIBTYPE000002,2060145014,완주군립고산도서관,전북,완주군,74473,1,594,8469,20000
2024,LIBTYPE000002,2060145013,완주군립삼례도서관,전북,완주군,83713,1,956,17802,21900
2024,LIBTYPE000002,2060145030,완주군립중앙도서관,전북,완주군,68370,7,10029,30943,37618
2024,LIBTYPE000002,2060131005,울산남구도산도서관,울산,남구,59035,0.5,4584,108901,52000
2024,LIBTYPE000002,2060131007,울산남구신복도서관,울산,남구,58258,2,6613,94077,56000
2024,LIBTYPE000002,2060131004,울산북구중앙도서관,울산,북구,115829,3,6665,121290,50236
2024,LIBTYPE000002,2060131003,울주옹기종기도서관,울산,울주군,63913,3,4004,12100,50992
2024,LIBTYPE000002,20601110057,원당마을한옥도서관,서울,도봉구,13874,4,14229,36359,55213
2024,LIBTYPE000002,2060142007,원주시립중앙도서관,강원,원주시,389692,13,20756,313436,278368
2024,LIBTYPE000002,2060122021,이천 어울림 도서관,대구,남구,31520,1,3326,68918,41156
2024,LIBTYPE000002,2060141222,이천시립마장도서관,경기,이천시,50638,3,4705,78663,58172
2024,LIBTYPE000002,2060141165,이천시립효양도서관,경기,이천시,141241,3,7449,184170,94401
2024,LIBTYPE000002,2060145041,익산시립금마도서관,전북,익산시,20028,2,7293,24982,18480
2024,LIBTYPE000002,2060145027,익산시립모현도서관,전북,익산시,199244,9,48420,173619,192557
2024,LIBTYPE000002,2060145029,익산시립부송도서관,전북,익산시,111025,3,5963,77524,90086
2024,LIBTYPE000002,2060145037,익산시립황등도서관,전북,익산시,28460,1,4378,14126,21780
2024,LIBTYPE000002,20601110055,일원라온영어도서관,서울,강남구,27198,6,9092,189735,32026
2024,LIBTYPE000002,2060145018,임실군립오수도서관,전북,임실군,41268,0,81,156,0
2024,LIBTYPE000002,2060146039,장성군립북이도서관,전남,장성군,27682,1,225,6733,15000
2024,LIBTYPE000002,2060146040,장성군립삼계도서관,전남,장성군,47347,1,698,18097,32808
2024,LIBTYPE000002,2060146028,장성군립중앙도서관,전남,장성군,151857,3,60063,24921,107052
2024,LIBTYPE000002,20601110038,장위행복누림도서관,서울,성북구,17726,5,3873,46391,25435
2024,LIBTYPE000002,2060145035,전주시립건지도서관,전북,전주시,60741,3,8125,110792,31805
2024,LIBTYPE000002,2060145002,전주시립금암도서관,전북,전주시,114511,2,38618,104669,42404
2024,LIBTYPE000002,2060145004,전주시립삼천도서관,전북,전주시,84844,3,10857,158414,58864
2024,LIBTYPE000002,2060145024,전주시립서신도서관,전북,전주시,81469,3,7181,75654,68669
2024,LIBTYPE000002,2060145005,전주시립송천도서관,전북,전주시,99991,2,14275,265743,72109
2024,LIBTYPE000002,2060145001,전주시립완산도서관,전북,전주시,179565,3,4149,30001,53513
2024,LIBTYPE000002,2060145003,전주시립인후도서관,전북,전주시,61154,3,6487,63979,26366
2024,LIBTYPE000002,2060145028,전주시립평화도서관,전북,전주시,88844,2,9307,125468,43828
2024,LIBTYPE000002,2060145036,전주시립효자도서관,전북,전주시,74154,2,11534,199636,54343
2024,LIBTYPE000002,2060145006,정읍시립중앙도서관,전북,정읍시,189095,7,7662,123419,150000
2024,LIBTYPE000002,2060143010,제천시립의병도서관,충북,제천시,9988,1,34,53,2000
2024,LIBTYPE000002,2060111001,중랑구립정보도서관,서울,중랑구,160602,8,16089,278720,155008
2024,LIBTYPE000002,2060148005,진주시립서부도서관,경남,진주시,192290,8.5,11829,193501,103570
2024,LIBTYPE000002,2060148004,진주시립연암도서관,경남,진주시,213386,11.5,15255,238204,111323
2024,LIBTYPE000002,2060143020,청주시립오송도서관,충북,청주시,138665,6,44102,181615,97062
2024,LIBTYPE000002,2060142005,춘천신사우동도서관,강원,춘천시,80102,2,6630,85967,68527
2024,LIBTYPE000002,2060143003,충주시립호암도서관,충북,충주시,46968,1,794,5682,7200
2024,LIBTYPE000002,2050143001,충청북도교육도서관,충북,청주시,404261,17,34002,88806,431187
2024,LIBTYPE000002,2050143002,충청북도교육문화원,충북,청주시,32117,1,5556,5556,34800
2024,LIBTYPE000002,2060142035,태백산소드림도서관,강원,태백시,49086,2,1371,32936,60000
2024,LIBTYPE000002,2060144019,태안군립안면도서관,충남,태안군,44731,1,363,5595,40000
2024,LIBTYPE000002,2060144032,태안군립중앙도서관,충남,태안군,100160,5,2775,64146,75404
2024,LIBTYPE000002,2060148014,통영시립욕지도서관,경남,통영시,46706,0,759,1677,4553
2024,LIBTYPE000002,2060148030,통영시립충무도서관,경남,통영시,72214,5,5922,115751,49906
2024,LIBTYPE000002,2060142016,평창군립대화도서관,강원,평창군,49513,3,5230,5230,20000
2024,LIBTYPE000002,2060142029,평창군립봉평도서관,강원,평창군,27750,1,712,13734,25000
2024,LIBTYPE000002,2060142015,평창군립진부도서관,강원,평창군,57266,2,16322,16322,25000
2024,LIBTYPE000002,2060141214,평택시립세교도서관,경기,평택시,54781,2,8202,163401,63994
2024,LIBTYPE000002,2060141032,평택시립안중도서관,경기,평택시,169064,10,8602,199716,79500
2024,LIBTYPE000002,2060141178,평택시립오성도서관,경기,평택시,44724,0.5,5018,15500,28187
2024,LIBTYPE000002,2060141155,평택시립장당도서관,경기,평택시,116019,5,9760,215415,81079
2024,LIBTYPE000002,2060141186,평택시립청북도서관,경기,평택시,44012,1,3766,64289,36364
2024,LIBTYPE000002,2060141031,평택시립팽성도서관,경기,평택시,76287,4,38895,61631,51996
2024,LIBTYPE000002,2060141166,포천시립가산도서관,경기,포천시,36534,0,866,7420,19830
2024,LIBTYPE000002,2060141248,포천시립선단도서관,경기,포천시,27977,1,1563,20143,32666
2024,LIBTYPE000002,2060141106,포천시립소흘도서관,경기,포천시,57784,3,3853,59129,49136
2024,LIBTYPE000002,2060141151,포천시립영북도서관,경기,포천시,47087,0.5,1284,20947,32072
2024,LIBTYPE000002,2060141076,포천시립일동도서관,경기,포천시,80241,2,1841,28008,35518
2024,LIBTYPE000002,2060141134,포천시립중앙도서관,경기,포천시,111057,6,3565,55749,60843
2024,LIBTYPE000002,2060147025,포항시립대잠도서관,경북,포항시,144877,2,51328,158969,37759
2024,LIBTYPE000002,2060147040,포항시립연일도서관,경북,포항시,28959,2,4553,54704,23448
2024,LIBTYPE000002,2060147002,포항시립영암도서관,경북,포항시,87641,2,4677,55356,43427
2024,LIBTYPE000002,2060147003,포항시립오천도서관,경북,포항시,69667,2,7541,114649,161224
2024,LIBTYPE000002,2060111044,푸른들청소년도서관,서울,강서구,62896,5,11460,119564,66800
2024,LIBTYPE000002,2030122003,푸른초장공공도서관,대구,달서구,42374,1,1000,5669,10000
2024,LIBTYPE000002,2060141269,하남시디지털도서관,경기,하남시,0,1.5,0,0,79370
2024,LIBTYPE000002,2060148036,함안군립칠원도서관,경남,함안군,70013,1,1644,38420,55900
2024,LIBTYPE000002,2060121021,해운대인문학도서관,부산,해운대구,133193,9,96485,270007,171404
2024,LIBTYPE000002,2060141042,화성시립남양도서관,경기,화성시,122968,3,12919,182132,89059
2024,LIBTYPE000002,2060141044,화성시립병점도서관,경기,화성시,132985,4,13349,142894,72851
2024,LIBTYPE000002,2060141105,화성시립봉담도서관,경기,화성시,131172,6,14842,222515,83240
2024,LIBTYPE000002,2060141043,화성시립삼괴도서관,경기,화성시,86775,4,6456,23172,39572
2024,LIBTYPE000002,2060141139,화성시립송산도서관,경기,화성시,89332,7,8997,63577,80624
2024,LIBTYPE000002,2060141147,화성시립정남도서관,경기,화성시,45396,2,6291,38453,45053
2024,LIBTYPE000002,2060141195,화성시립진안도서관,경기,화성시,95397,3,10173,111925,66570
2024,LIBTYPE000002,2060141041,화성시립태안도서관,경기,화성시,115287,5,11656,111690,71873
2024,LIBTYPE000002,2060146026,흑산자산문화도서관,전남,신안군,9081,0,65,140,0
2024,LIBTYPE000002,2060141082,가평군 한석봉도서관,경기,가평군,131961,3.5,26515,56429,35250
2024,LIBTYPE000002,2060141264,고양시립 별꿈도서관,경기,고양시,17643,2,6087,101010,40702
2024,LIBTYPE000002,2060141163,고양시립 신원도서관,경기,고양시,88992,3,20435,195382,116943
2024,LIBTYPE000002,2060147043,김천시립 율곡도서관,경북,김천시,105644,2,8656,296195,120000
2024,LIBTYPE000002,2060141095,남양주시 별내도서관,경기,남양주시,118889,4.5,9056,78592,41000
2024,LIBTYPE000002,2060141112,남양주시 오남도서관,경기,남양주시,114939,3,9065,88945,44903
2024,LIBTYPE000002,2060141103,남양주시 와부도서관,경기,남양주시,145990,3,12186,182915,53602
2024,LIBTYPE000002,2060141069,남양주시 진건도서관,경기,남양주시,100472,3,7542,70866,32792
2024,LIBTYPE000002,2060141110,남양주시 평내도서관,경기,남양주시,116845,4,11305,154099,50003
2024,LIBTYPE000002,2060141208,남양주시 호평도서관,경기,남양주시,68305,3,9753,121590,51947
2024,LIBTYPE000002,2060122007,동구구립 안심도서관,대구,동구,146975,12,12405,316933,216165
2024,LIBTYPE000002,2030122006,사립공공 연암도서관,대구,북구,13741,1,434,7849,10225
2024,LIBTYPE000002,2060111053,소나무언덕2호도서관,서울,송파구,27818,2,9961,85122,27730
2024,LIBTYPE000002,2060111064,소나무언덕3호도서관,서울,송파구,30556,2,18930,34860,22481
2024,LIBTYPE000002,2060122005,수성구립 용학도서관,대구,수성구,175466,11,16294,330519,291611
2024,LIBTYPE000002,2060122010,수성구립 파동도서관,대구,수성구,27271,1,5371,47823,22730
2024,LIBTYPE000002,2060148045,양산시립 삼산도서관,경남,양산시,22172,3,29791,143249,138867
2024,LIBTYPE000002,2060148040,양산시립 서창도서관,경남,양산시,35877,3,7838,109494,58098
2024,LIBTYPE000002,2060148034,양산시립 영어도서관,경남,양산시,47020,2,1578,52382,41651
2024,LIBTYPE000002,2060148017,양산시립 웅상도서관,경남,양산시,227747,2,9926,140768,103988
2024,LIBTYPE000002,2060148027,양산시립 중앙도서관,경남,양산시,189927,10,17772,361322,176822
2024,LIBTYPE000002,2060141177,오산시 꿈두레도서관,경기,오산시,134137,2.5,10961,208244,58252
2024,LIBTYPE000002,2060145040,전주시립도서관 꽃심,전북,전주시,59040,31,14966,197365,64754
2024,LIBTYPE000002,2060141030,평택시립 비전도서관,경기,평택시,125678,5,9595,130022,64000
2024,LIBTYPE000002,2060141209,평택시립 진위도서관,경기,평택시,48421,0,20109,19785,10000
2024,LIBTYPE000002,2030111001,4.19 혁명기념 도서관,서울,종로구,42869,2,657,8725,26722
2024,LIBTYPE000002,2060148009,거제시립장승포도서관,경남,거제시,55604,3,397,1694,179917
2024,LIBTYPE000002,2060148019,거창군립한마음도서관,경남,거창군,113285,4,4456,75698,108007
2024,LIBTYPE000002,2050147029,경상북도교육청문화원,경북,포항시,53814,2,2061,65541,43980
2024,LIBTYPE000002,2060141058,과천시정보과학도서관,경기,과천시,333874,10,15330,508959,204605
2024,LIBTYPE000002,2060824004,광주남구푸른길도서관,광주,남구,56490,2,5038,72155,57123
2024,LIBTYPE000002,2060111048,구립은평뉴타운도서관,서울,은평구,69435,8,12839,151418,51907
2024,LIBTYPE000002,2060111049,금천구립금나래도서관,서울,금천구,69873,6,45728,148655,130951
2024,LIBTYPE000002,2060122014,대구 동구 신천도서관,대구,동구,45683,6,4473,70298,51899
2024,LIBTYPE000002,2060125001,대전광역시한밭도서관,대전,중구,919545,36,17602,488817,461434
2024,LIBTYPE000002,2060111090,동대문구답십리도서관,서울,동대문구,109600,9,15009,318041,141876
2024,LIBTYPE000002,2060111025,동대문구정보화도서관,서울,동대문구,171353,12,12605,225816,174185
2024,LIBTYPE000002,2060147044,봉양 온누리터 도서관,경북,의성군,15337,0,1808,6429,15000
2024,LIBTYPE000002,2060121031,부산진구기적의도서관,부산,부산진구,33903,3,4064,58045,124000
2024,LIBTYPE000002,2060141115,부천시립꿈여울도서관,경기,부천시,130665,1,16843,96811,47245
2024,LIBTYPE000002,2060141014,부천시립책마루도서관,경기,부천시,114024,2,15856,109702,86284
2024,LIBTYPE000002,2060141089,부천시립한울빛도서관,경기,부천시,138259,3,17994,129448,58241
2024,LIBTYPE000002,2060149004,서귀포시삼매봉도서관,제주,서귀포시,92287,3,5565,58927,59994
2024,LIBTYPE000002,2060111038,성동구립무지개도서관,서울,성동구,37802,5,6547,58077,32500
2024,LIBTYPE000002,2060141171,수원시광교홍재도서관,경기,수원시,132715,6,23331,254531,80780
2024,LIBTYPE000002,2060141239,수원시망포글빛도서관,경기,수원시,59181,4,23050,250828,74780
2024,LIBTYPE000002,2060141126,수원시태장마루도서관,경기,수원시,140349,3,22954,196084,74780
2024,LIBTYPE000002,2060141200,수원시화서다산도서관,경기,수원시,85979,4,19318,159657,74780
2024,LIBTYPE000002,2060146007,순천시립그림책도서관,전남,순천시,83143,3,1280,24902,42600
2024,LIBTYPE000002,2060146008,순천시립도서관연향관,전남,순천시,150910,3,7413,92780,54551
2024,LIBTYPE000002,2060146051,순천시립어울림도서관,전남,순천시,10682,4,3788,12796,196246
2024,LIBTYPE000002,2060141078,양주시립꿈나무도서관,경기,양주시,174431,2,3201,170155,22570
2024,LIBTYPE000002,20601110068,영등포생각공장도서관,서울,영등포구,11607,2,3022,37798,8400
2024,LIBTYPE000002,2060141205,용인시양지해밀도서관,경기,용인시,47772,1,5507,40142,30427
2024,LIBTYPE000002,2060142045,원주시 그림책 도서관,강원,원주시,17133,3,1948,31357,6593
2024,LIBTYPE000002,2060141268,의왕시백운호수도서관,경기,의왕시,18697,3,4247,59587,63189
2024,LIBTYPE000002,2060123031,인천광역시마전도서관,인천,서구,64222,4,63853,199336,132334
2024,LIBTYPE000002,2060144013,장항농어촌공공도서관,충남,서천군,76064,4,982,20494,26543
2024,LIBTYPE000002,2060145033,전주시립쪽구름도서관,전북,전주시,38784,3,3048,28992,47867
2024,LIBTYPE000002,2060143015,진천군립광혜원도서관,충북,진천군,72079,2,28435,28435,33600
2024,LIBTYPE000002,2060142034,춘천시립청소년도서관,강원,춘천시,70949,6,75077,160603,172104
2024,LIBTYPE000002,2060142036,평창군립대관령도서관,강원,평창군,19361,2,684,15450,17215
2024,LIBTYPE000002,2060141225,평택시립배다리도서관,경기,평택시,251238,12,27142,639251,300400
2024,LIBTYPE000002,2060147042,포항시립구룡포도서관,경북,포항시,24510,1,7409,20294,15597
2024,LIBTYPE000002,2060141254,화성시립노을빛도서관,경기,화성시,33680,3,7379,103106,75479
2024,LIBTYPE000002,2060111057,구로구립 온누리도서관,서울,구로구,30520,1,759,11734,26025
2024,LIBTYPE000002,2060141279,남양주시 정약용도서관,경기,남양주시,190511,10.5,27847,403681,149680
2024,LIBTYPE000002,2060122022,수성구립 무학숲도서관,대구,수성구,18232,1,6942,82070,17070
2024,LIBTYPE000002,2060122004,수성구립 책숲길도서관,대구,수성구,34422,1,6064,56525,31520
2024,LIBTYPE000002,2060144045,아산시 배방월천도서관,충남,아산시,20253,5,189,1056,335854
2024,LIBTYPE000002,2060144038,아산시 탕정온샘도서관,충남,아산시,79155,4,11078,251489,134440
2024,LIBTYPE000002,2060148041,양산시립 윤현진도서관,경남,양산시,31055,3,7508,50608,54149
2024,LIBTYPE000002,2060141102,양평 양서친환경도서관,경기,양평군,54196,2,2721,57243,64416
2024,LIBTYPE000002,2060123010,인천광역시 율목도서관,인천,중구,84586,6,2250,58082,80889
2024,LIBTYPE000002,2050121006,해운대도서관 우동분관,부산,해운대구,105145,4,32982,84948,79900
2024,LIBTYPE000002,2050141008,경기도교육청과천도서관,경기,과천시,163203,19,25728,233965,232054
2024,LIBTYPE000002,2050141005,경기도교육청광주도서관,경기,광주시,93786,7,3156,34457,130846
2024,LIBTYPE000002,2050141003,경기도교육청김포도서관,경기,김포시,78024,7,1459,42737,101854
2024,LIBTYPE000002,2050141007,경기도교육청성남도서관,경기,성남시,224227,18,29485,151783,199654
2024,LIBTYPE000002,2050141001,경기도교육청중앙도서관,경기,수원시,148433,17,2212,101787,653337
2024,LIBTYPE000002,2050141011,경기도교육청평생학습관,경기,수원시,697623,20,6516,148841,186080
2024,LIBTYPE000002,2050141002,경기도교육청평택도서관,경기,평택시,100901,8,1933,48663,89719
2024,LIBTYPE000002,2050141004,경기도교육청포천도서관,경기,포천시,68936,8,526,6818,65328
2024,LIBTYPE000002,2050141009,경기도교육청화성도서관,경기,화성시,96892,7,4107,85716,156994
2024,LIBTYPE000002,2050147028,경상북도교육청정보센터,경북,경산시,176765,12,7816,282370,556400
2024,LIBTYPE000002,2060141059,고양시립아람누리도서관,경기,고양시,177392,7,30881,261639,172201
2024,LIBTYPE000002,2060124001,광주광역시립무등도서관,광주,북구,377300,17,10860,213244,319188
2024,LIBTYPE000002,2060124002,광주광역시립사직도서관,광주,남구,256626,4,7271,141243,159594
2024,LIBTYPE000002,2060124003,광주광역시립산수도서관,광주,동구,223216,3,6364,135253,159594
2024,LIBTYPE000002,2060124008,광주남구문화정보도서관,광주,남구,95450,4,6170,91742,61148
2024,LIBTYPE000002,2060147031,구미시립상모정수도서관,경북,구미시,98037,2,5014,98890,50719
2024,LIBTYPE000002,2050122001,국채보상운동기념도서관,대구,중구,524121,15,19072,285686,426863
2024,LIBTYPE000002,2060145011,김제시립도서관금구분관,전북,김제시,27655,1,299,2256,7000
2024,LIBTYPE000002,2060145010,김제시립도서관만경분관,전북,김제시,26928,1,438,5597,15000
2024,LIBTYPE000002,20601110026,내를건너서숲으로도서관,서울,은평구,63666,8,62867,82895,61907
2024,LIBTYPE000002,2050122010,대구2.28기념학생도서관,대구,동구,293421,24,59439,429577,459874
2024,LIBTYPE000002,2050122005,대구광역시립남부도서관,대구,남구,336644,13,11291,258315,173808
2024,LIBTYPE000002,2050122011,대구광역시립달성도서관,대구,달성군,144761,9,6230,228763,223577
2024,LIBTYPE000002,2050122003,대구광역시립동부도서관,대구,동구,314857,10,9355,227102,110000
2024,LIBTYPE000002,2050122009,대구광역시립두류도서관,대구,달서구,283667,12,47871,186727,141606
2024,LIBTYPE000002,2050122008,대구광역시립북부도서관,대구,북구,263141,15,14696,316791,241188
2024,LIBTYPE000002,2050122006,대구광역시립서부도서관,대구,서구,312839,13,10187,236235,197234
2024,LIBTYPE000002,2050122007,대구광역시립수성도서관,대구,수성구,303671,12,14161,350489,154546
2024,LIBTYPE000002,2060141081,동두천꿈나무정보도서관,경기,동두천시,147350,3,3898,67309,31555
2024,LIBTYPE000002,2060145020,무주형설지공군립도서관,전북,무주군,47167,4,10657,20032,59500
2024,LIBTYPE000002,2050121007,부산광역시립구덕도서관,부산,서구,105116,10,6605,153443,164403
2024,LIBTYPE000002,2050121009,부산광역시립구포도서관,부산,북구,285643,15,66668,194508,317776
2024,LIBTYPE000002,2050121012,부산광역시립명장도서관,부산,동래구,158945,9,5438,110771,176500
2024,LIBTYPE000002,2050121005,부산광역시립반송도서관,부산,해운대구,138646,10,3361,51564,147101
2024,LIBTYPE000002,2050121004,부산광역시립부전도서관,부산,부산진구,276085,2,0,0,0
2024,LIBTYPE000002,2050121010,부산광역시립사하도서관,부산,사하구,117941,9,7455,162117,198747
2024,LIBTYPE000002,2050121008,부산광역시립서동도서관,부산,금정구,116996,10,3367,71985,125097
2024,LIBTYPE000002,2050121001,부산광역시립시민도서관,부산,부산진구,709259,28,33513,627395,791594
2024,LIBTYPE000002,2050121011,부산광역시립연산도서관,부산,연제구,141319,10,10455,156793,159765
2024,LIBTYPE000002,2050121002,부산광역시립중앙도서관,부산,중구,298017,16,41768,113918,329300
2024,LIBTYPE000002,2060141267,부천시립별빛마루도서관,경기,부천시,87931,13,24541,401842,152649
2024,LIBTYPE000002,2060141285,부천시립역곡밝은도서관,경기,부천시,13171,1,7163,57914,55468
2024,LIBTYPE000002,2060143027,생거진천혁신도시도서관,충북,진천군,69612,3,27115,97643,85004
2024,LIBTYPE000002,2060141218,수원시광교푸른숲도서관,경기,수원시,64217,4,25398,227799,74780
2024,LIBTYPE000002,2060146031,순천시립조례호수도서관,전남,순천시,88721,3,6921,81573,61589
2024,LIBTYPE000002,20601110030,어린이청소년국학도서관,서울,종로구,24686,3,8517,14584,74417
2024,LIBTYPE000002,2060123007,인천광역시립수봉도서관,인천,미추홀구,109999,8,4087,66939,80449
2024,LIBTYPE000002,2060123006,인천광역시립영종도서관,인천,중구,111829,9,5637,100120,77689
2024,LIBTYPE000002,2060123001,인천광역시미추홀도서관,인천,남동구,600440,14.5,17589,304652,550000
2024,LIBTYPE000002,2060111047,중곡문화체육센터도서관,서울,광진구,79169,4,13683,189314,88849
2024,LIBTYPE000002,2060111019,중랑구립면목정보도서관,서울,중랑구,103768,4,23485,113968,56155
2024,LIBTYPE000002,2060148033,중리초등복합시설도서관,경남,창원시,106356,1,14458,34001,59278
2024,LIBTYPE000002,2060143029,충주어린이청소년도서관,충북,충주시,32678,3,2694,36232,19694
2024,LIBTYPE000002,2050143016,충청북도중원교육문화원,충북,충주시,72064,16,28753,103472,120210
2024,LIBTYPE000002,2060147026,포항시립동해석곡도서관,경북,포항시,40308,2,685,15775,18248
2024,LIBTYPE000002,2060147001,포항시립포은중앙도서관,경북,포항시,244020,15,21737,364255,195718
2024,LIBTYPE000002,2030122005,꿈꾸는마을도서관 도토리,대구,북구,19292,1,155,6730,10000
2024,LIBTYPE000002,20601110053,마포구립 소금나루도서관,서울,마포구,45522,3,13587,179487,63612
2024,LIBTYPE000002,2060141270,성남시 책테마파크도서관,경기,성남시,9151,1,4248,20334,10751
2024,LIBTYPE000002,2060144046,아산시 음봉어울샘도서관,충남,아산시,25853,6,2912,36264,136610
2024,LIBTYPE000002,2060145032,완주군립 둔산영어도서관,전북,완주군,59926,2,1928,41864,27747
2024,LIBTYPE000002,2060141259,의왕시 포일어울림도서관,경기,의왕시,24461,3,6886,116594,40311
2024,LIBTYPE000002,2060145008,익산시립도서관 마동분관,전북,익산시,256337,3,6286,110557,113372
2024,LIBTYPE000002,2030111009,지샘터 올림픽공원도서관,서울,송파구,16469,2,2296,26890,9600
2024,LIBTYPE000002,20601110063,강남구립개포하늘꿈도서관,서울,강남구,31953,10,21566,322288,96299
2024,LIBTYPE000002,2060111006,강북청소년문화정보도서관,서울,강북구,45046,6,4364,24920,27821
2024,LIBTYPE000002,2050141010,경기도교육청의정부도서관,경기,의정부시,113763,7,1849,116182,103014
2024,LIBTYPE000002,2060122012,대구광역시북구대현도서관,대구,북구,72381,4,6051,117314,82197
2024,LIBTYPE000002,2050121014,부산광역시립해운대도서관,부산,해운대구,216816,16,27812,540694,300000
2024,LIBTYPE000002,20601110062,서초구립방배숲환경도서관,서울,서초구,41086,10,17759,139150,126443
2024,LIBTYPE000002,20601110043,성동구립매봉산숲속도서관,서울,성동구,10885,5,3470,30821,23410
2024,LIBTYPE000002,20601110005,소나무언덕잠실본동도서관,서울,송파구,29695,2,22185,47717,23061
2024,LIBTYPE000002,2060141028,용인시구갈희망누리도서관,경기,용인시,41695,0,6341,64406,22676
2024,LIBTYPE000002,2050146004,전라남도교육청광양도서관,전남,광양시,110105,7,2971,72965,105759
2024,LIBTYPE000002,2050146008,전라남도교육청구례도서관,전남,구례군,53995,4,1371,47814,69800
2024,LIBTYPE000002,2050146002,전라남도교육청나주도서관,전남,나주시,290467,15,4194,171898,506020
2024,LIBTYPE000002,2050146003,전라남도교육청남평도서관,전남,나주시,81325,4,1540,19924,62362
2024,LIBTYPE000002,2050146006,전라남도교육청담양도서관,전남,담양군,121750,6,2420,102793,135200
2024,LIBTYPE000002,2050146001,전라남도교육청목포도서관,전남,목포시,251146,19,4113,136118,193000
2024,LIBTYPE000002,2050146015,전라남도교육청무안도서관,전남,무안군,81712,4,884,33399,73730
2024,LIBTYPE000002,2050146010,전라남도교육청벌교도서관,전남,보성군,72802,4,7415,33919,78800
2024,LIBTYPE000002,2050146009,전라남도교육청보성도서관,전남,보성군,92242,6,1185,37294,108847
2024,LIBTYPE000002,2050146017,전라남도교육청영광도서관,전남,영광군,101502,6,2564,89016,112539
2024,LIBTYPE000002,2050146014,전라남도교육청영암도서관,전남,영암군,75759,3,497,24189,69380
2024,LIBTYPE000002,2050146018,전라남도교육청장성도서관,전남,장성군,133466,7,105834,105834,154500
2024,LIBTYPE000002,2050146012,전라남도교육청장흥도서관,전남,장흥군,66414,4,1323,33999,69142
2024,LIBTYPE000002,2050146019,전라남도교육청진도도서관,전남,진도군,93429,4,1123,29644,66133
2024,LIBTYPE000002,2050146016,전라남도교육청함평도서관,전남,함평군,71733,4,671,21345,66700
2024,LIBTYPE000002,2050146013,전라남도교육청해남도서관,전남,해남군,91002,5,1295,37137,85759
2024,LIBTYPE000002,2050146011,전라남도교육청화순도서관,전남,화순군,106174,6,2246,74832,85416
2024,LIBTYPE000002,2060145015,정읍시립도서관신태인분관,전북,정읍시,59487,2,105,21254,40000
2024,LIBTYPE000002,2050144017,충청남도교육청평생교육원,충남,천안시,174832,9,2442,131734,129000
2024,LIBTYPE000002,2060141077,포천시립영중꿈나무도서관,경기,포천시,11683,0,273,4527,11296
2024,LIBTYPE000002,2060147035,포항시립어린이영어도서관,경북,포항시,27282,1,1757,38184,24050
2024,LIBTYPE000002,2060141231,화성시립다원이음터도서관,경기,화성시,89153,4,17413,305383,81913
2024,LIBTYPE000002,2060141255,화성시립서연이음터도서관,경기,화성시,50334,4,77980,283622,104244
2024,LIBTYPE000002,2060141241,화성시립송린이음터도서관,경기,화성시,68158,1,9971,209176,118111
2024,LIBTYPE000002,2060141249,화성시립왕배푸른숲도서관,경기,화성시,61000,5,18171,359916,136960
2024,LIBTYPE000002,2050148012,경상남도교육청 거제도서관,경남,거제시,125421,7,9786,316191,156040
2024,LIBTYPE000002,2050148023,경상남도교육청 거창도서관,경남,거창군,56064,4,15864,63821,85560
2024,LIBTYPE000002,2050148018,경상남도교육청 고성도서관,경남,고성군,104760,7,13843,66253,109560
2024,LIBTYPE000002,2050148007,경상남도교육청 김해도서관,경남,김해시,257910,18,14171,300866,262767
2024,LIBTYPE000002,2050148016,경상남도교육청 남지도서관,경남,창녕군,91813,4,2246,47853,52400
2024,LIBTYPE000002,2050148019,경상남도교육청 남해도서관,경남,남해군,91613,4,1975,44367,48100
2024,LIBTYPE000002,2050148002,경상남도교육청 마산도서관,경남,창원시,294064,15,11713,308042,253488
2024,LIBTYPE000002,2050148009,경상남도교육청 밀양도서관,경남,밀양시,95488,6,1340,27229,83660
2024,LIBTYPE000002,2050148006,경상남도교육청 사천도서관,경남,사천시,97598,7,10774,94148,80060
2024,LIBTYPE000002,2050148021,경상남도교육청 산청도서관,경남,산청군,89578,4,2576,26962,75060
2024,LIBTYPE000002,2050148017,경상남도교육청 양산도서관,경남,양산시,131038,6,8353,161617,122760
2024,LIBTYPE000002,2050148013,경상남도교육청 의령도서관,경남,의령군,77699,6,2241,42483,97240
2024,LIBTYPE000002,2050148003,경상남도교육청 진동도서관,경남,창원시,100507,5,2252,49898,70964
2024,LIBTYPE000002,2050148011,경상남도교육청 진양도서관,경남,진주시,123499,5,3864,103849,94460
2024,LIBTYPE000002,2050148008,경상남도교육청 진영도서관,경남,김해시,89395,5,2087,34202,80260
2024,LIBTYPE000002,2050148015,경상남도교육청 창녕도서관,경남,창녕군,123429,7,14245,54848,77992
2024,LIBTYPE000002,2050148001,경상남도교육청 창원도서관,경남,창원시,343743,20,15793,382137,218779
2024,LIBTYPE000002,2050148004,경상남도교육청 통영도서관,경남,통영시,109652,6,2788,52969,100060
2024,LIBTYPE000002,2050148010,경상남도교육청 하남도서관,경남,밀양시,81145,4,5714,29519,84060
2024,LIBTYPE000002,2050148020,경상남도교육청 하동도서관,경남,하동군,89324,6,11531,52187,83292
2024,LIBTYPE000002,2050148014,경상남도교육청 함안도서관,경남,함안군,81649,6,19084,81934,95060
2024,LIBTYPE000002,2050148022,경상남도교육청 함양도서관,경남,함양군,96840,5,10055,57733,92628
2024,LIBTYPE000002,2050148024,경상남도교육청 합천도서관,경남,합천군,71002,5,2044,45927,69380
2024,LIBTYPE000002,2050147021,경상북도교육청 고령도서관,경북,고령군,65696,4,1113,29562,55700
2024,LIBTYPE000002,2050147001,경상북도교육청 구미도서관,경북,구미시,236528,13,6774,277250,202663
2024,LIBTYPE000002,2050147012,경상북도교육청 금호도서관,경북,영천시,71230,4,13647,50703,54790
2024,LIBTYPE000002,2050147025,경상북도교육청 봉화도서관,경북,봉화군,86959,3,7537,26661,77840
2024,LIBTYPE000002,2050147003,경상북도교육청 상주도서관,경북,상주시,188663,13,5421,140518,157232
2024,LIBTYPE000002,2050147023,경상북도교육청 성주도서관,경북,성주군,83320,6,1399,49613,52000
2024,LIBTYPE000002,2050147002,경상북도교육청 안동도서관,경북,안동시,223877,13,4497,123126,170000
2024,LIBTYPE000002,2050147019,경상북도교육청 영덕도서관,경북,영덕군,56194,5,1696,43836,46495
2024,LIBTYPE000002,2050147018,경상북도교육청 영양도서관,경북,영양군,88455,4,829,23215,65000
2024,LIBTYPE000002,2050147004,경상북도교육청 영일도서관,경북,포항시,95320,4,3011,117862,60680
2024,LIBTYPE000002,2050147024,경상북도교육청 예천도서관,경북,예천군,64414,4,8007,24196,60000
2024,LIBTYPE000002,2050147008,경상북도교육청 외동도서관,경북,경주시,86760,4,1419,43297,54940
2024,LIBTYPE000002,2050147027,경상북도교육청 울릉도서관,경북,울릉군,88417,2,468,12150,61127
2024,LIBTYPE000002,2050147026,경상북도교육청 울진도서관,경북,울진군,94890,4,1550,52891,69600
2024,LIBTYPE000002,2050147016,경상북도교육청 의성도서관,경북,의성군,93364,5,1305,37925,70380
2024,LIBTYPE000002,2050147006,경상북도교육청 점촌도서관,경북,문경시,67806,5,1275,47531,68811
2024,LIBTYPE000002,2050147020,경상북도교육청 청도도서관,경북,청도군,93289,7,2296,61931,66599
2024,LIBTYPE000002,2050147017,경상북도교육청 청송도서관,경북,청송군,78053,4,761,24367,66417
2024,LIBTYPE000002,2050147022,경상북도교육청 칠곡도서관,경북,칠곡군,63553,4,1370,45336,64336
2024,LIBTYPE000002,2060141157,남양주시 진접푸른숲도서관,경기,남양주시,103376,4,10728,151957,48483
2024,LIBTYPE000002,2060123025,인천광역시 영종하늘도서관,인천,중구,97252,4,11992,248804,153890
2024,LIBTYPE000002,2060123024,인천광역시 청라국제도서관,인천,서구,101313,4,83665,225939,126599
2024,LIBTYPE000002,2060123026,인천광역시 청라호수도서관,인천,서구,119350,4,15953,279788,146609
2024,LIBTYPE000002,2060149013,제주특별자치도 한라도서관,제주,제주시,320969,11,116756,411427,206993
2024,LIBTYPE000002,2050141006,경기도교육청여주가남도서관,경기,여주시,81917,6,1065,30360,75600
2024,LIBTYPE000002,2050124001,광주광역시교육청중앙도서관,광주,동구,187968,9,6440,104971,95400
2024,LIBTYPE000002,2060125004,대전광역시 동구 가오도서관,대전,동구,126725,5,6550,192180,95925
2024,LIBTYPE000002,2060125002,대전광역시 동구 용운도서관,대전,동구,124759,4,5048,129790,96924
2024,LIBTYPE000002,2060125005,대전광역시 동구 판암도서관,대전,동구,36562,1,1499,24472,20996
2024,LIBTYPE000002,2060121022,부산광역시 남구 분포도서관,부산,남구,83119,4,10390,219167,109936
2024,LIBTYPE000002,2060111017,서대문구립이진아기념도서관,서울,서대문구,182834,11,10802,190308,187536
2024,LIBTYPE000002,2050111001,서울특별시교육청강남도서관,서울,강남구,145851,14,7767,169305,165250
2024,LIBTYPE000002,2050111002,서울특별시교육청강동도서관,서울,강동구,171618,16,11058,240920,194064
2024,LIBTYPE000002,2050111003,서울특별시교육청강서도서관,서울,강서구,228712,24,9131,255038,226002
2024,LIBTYPE000002,2050111004,서울특별시교육청개포도서관,서울,강남구,139840,7,5125,51058,101318
2024,LIBTYPE000002,2050111005,서울특별시교육청고척도서관,서울,구로구,221023,17,38435,132709,207998
2024,LIBTYPE000002,2050111006,서울특별시교육청구로도서관,서울,구로구,158327,14,10213,188507,183106
2024,LIBTYPE000002,2050111007,서울특별시교육청남산도서관,서울,용산구,503774,31,15781,240785,272313
2024,LIBTYPE000002,2050111008,서울특별시교육청도봉도서관,서울,도봉구,219704,16,7712,174044,197000
2024,LIBTYPE000002,2050111010,서울특별시교육청동작도서관,서울,동작구,114241,15,60524,117014,180737
2024,LIBTYPE000002,2050111012,서울특별시교육청송파도서관,서울,송파구,247736,22,28812,573420,258726
2024,LIBTYPE000002,2050111013,서울특별시교육청양천도서관,서울,양천구,297294,21,27312,656834,247644
2024,LIBTYPE000002,2050111014,서울특별시교육청용산도서관,서울,용산구,273316,19,8127,203157,212722
2024,LIBTYPE000002,2050111015,서울특별시교육청정독도서관,서울,종로구,482295,38,120238,251184,292815
2024,LIBTYPE000002,2050111016,서울특별시교육청종로도서관,서울,종로구,254840,17,8857,133875,210348
2024,LIBTYPE000002,2060145007,익산시립도서관(영등도서관),전북,익산시,185798,7,36853,117259,111366
2024,LIBTYPE000002,2050123007,인천광역시교육청계양도서관,인천,계양구,212673,13,12727,207151,205414
2024,LIBTYPE000002,2050123003,인천광역시교육청부평도서관,인천,부평구,215344,12,11080,181690,204532
2024,LIBTYPE000002,2050123001,인천광역시교육청북구도서관,인천,부평구,301788,16,18278,347450,517530
2024,LIBTYPE000002,2050123006,인천광역시교육청서구도서관,인천,서구,256056,13,10608,229284,238680
2024,LIBTYPE000002,2050123008,인천광역시교육청연수도서관,인천,연수구,238263,12,47612,145564,214480
2024,LIBTYPE000002,2050123004,인천광역시교육청주안도서관,인천,미추홀구,242596,12,10489,88736,222604
2024,LIBTYPE000002,2050123002,인천광역시교육청중앙도서관,인천,남동구,295038,17,16467,269000,233644
2024,LIBTYPE000002,2060144042,천안아산상생협력센터도서관,충남,천안시,76761,2,62312,269250,108339
2024,LIBTYPE000002,2060141273,파주시립중앙도서관광탄분관,경기,파주시,32823,2,6088,18730,43599
2024,LIBTYPE000002,2060141071,파주시립중앙도서관금촌분관,경기,파주시,51254,1,4705,9761,20596
2024,LIBTYPE000002,2060141072,파주시립중앙도서관문산분관,경기,파주시,78185,3,6341,71073,74642
2024,LIBTYPE000002,2060141073,파주시립중앙도서관법원분관,경기,파주시,62520,2,3103,16763,31224
2024,LIBTYPE000002,2050148005,경상남도교육청 삼천포도서관,경남,사천시,97842,6,19121,81672,65000
2024,LIBTYPE000002,2060122027,수성구립 수성못그림책도서관,대구,수성구,7292,1,0,0,110192
2024,LIBTYPE000002,2060122013,2.28민주운동기념회관(도서관),대구,중구,55260,2,1192,12154,19000
2024,LIBTYPE000002,2060124018,광주광역시립디지털정보도서관,광주,동구,4620,2,0,0,85487
2024,LIBTYPE000002,2060125018,대전광역시 동구 무지개도서관,대전,동구,63130,1,1728,107904,41844
2024,LIBTYPE000002,2050111009,서울특별시교육청동대문도서관,서울,동대문구,209124,18,8930,163138,190379
2024,LIBTYPE000002,2050111011,서울특별시교육청서대문도서관,서울,서대문구,192028,18,10754,286331,210106
2024,LIBTYPE000002,2060122025,수성구립황금책문화센터도서관,대구,수성구,8895,1,5592,68881,32910
2024,LIBTYPE000002,2050123005,인천광역시교육청화도진도서관,인천,동구,182617,12,6041,115929,151000
2024,LIBTYPE000002,2050146020,전라남도교육청고흥평생교육관,전남,고흥군,98600,3,783,28178,103872
2024,LIBTYPE000002,2050146005,전라남도교육청광양평생교육관,전남,광양시,67543,3,918,30968,57000
2024,LIBTYPE000002,2050144016,충청남도교육청남부평생교육원,충남,논산시,138396,7,2540,89800,99900
2024,LIBTYPE000002,2050144015,충청남도교육청서부평생교육원,충남,서산시,125259,8,4407,176802,150016
2024,LIBTYPE000002,2050144018,충청남도교육청학생교육문화원,충남,천안시,157600,6,2322,112992,130116
2024,LIBTYPE000002,2060141246,화성시립동탄목동이음터도서관,경기,화성시,81677,6,16164,298540,102847
2024,LIBTYPE000002,2060141197,화성시립동탄중앙이음터도서관,경기,화성시,117198,5,21400,371232,106958
2024,LIBTYPE000002,2050147005,경상북도교육청 영주선비도서관,경북,영주시,167291,12,6677,186485,181920
2024,LIBTYPE000002,2060141247,남양주시 이석영뉴미디어도서관,경기,남양주시,62623,9,13534,148035,111048
2024,LIBTYPE000002,2060123023,인천광역시 송도국제기구도서관,인천,연수구,25677,1,5883,12626,33500
2024,LIBTYPE000002,2050124003,광주광역시교육청금호평생교육관,광주,남구,156270,10,3470,86696,412578
2024,LIBTYPE000002,2050121003,부산광역시립중앙도서관수정분관,부산,동구,84073,5,29550,82410,94720
2024,LIBTYPE000002,2050146007,전라남도교육청곡성교육문화회관,전남,곡성군,65800,3,926,26126,68400
2024,LIBTYPE000002,2050146021,전라남도교육청학생교육문화회관,전남,여수시,148703,10,19278,95869,111999
2024,LIBTYPE000002,2050145006,전북특별자치도교육청고창도서관,전북,고창군,55725,3,971,19068,42592
2024,LIBTYPE000002,2050145012,전북특별자치도교육청무주도서관,전북,무주군,50815,3,3055,13182,32160
2024,LIBTYPE000002,2050145005,전북특별자치도교육청순창도서관,전북,순창군,69340,3,5631,7591,30000
2024,LIBTYPE000002,2050145009,전북특별자치도교육청완주도서관,전북,완주군,42836,3,1148,32997,57160
2024,LIBTYPE000002,2050145008,전북특별자치도교육청임실도서관,전북,임실군,55847,3,351,8612,30000
2024,LIBTYPE000002,2050145011,전북특별자치도교육청장수도서관,전북,장수군,55911,3,5267,10664,33264
2024,LIBTYPE000002,2050145004,전북특별자치도교육청진안도서관,전북,진안군,50924,3,941,16970,30000
2024,LIBTYPE000002,20601110067,제기동감초마을현진건기념도서관,서울,동대문구,11908,5,1608,31100,97946
2024,LIBTYPE000002,2060141120,화성시립동탄복합문화센터도서관,경기,화성시,199993,7,45458,580628,156131
2024,LIBTYPE000002,2060141287,화성시립향남복합문화센터도서관,경기,화성시,36465,5,2095,15375,3435
2024,LIBTYPE000002,2050148027,경상남도교육청 산청지리산도서관,경남,산청군,52184,4,14563,57118,65000
2024,LIBTYPE000002,2050124004,광주광역시교육청학생교육문화회관,광주,서구,135879,11,5785,126011,129926
2024,LIBTYPE000002,2050144001,충청남도공주교육지원청공주도서관,충남,공주시,95048,3,658,25342,96116
2024,LIBTYPE000002,2050144002,충청남도공주교육지원청유구도서관,충남,공주시,89985,3,336,23764,55000
2024,LIBTYPE000002,2050144003,충청남도금산교육지원청금산도서관,충남,금산군,82243,3,991,34274,62392
2024,LIBTYPE000002,2050144004,충청남도당진교육지원청당진도서관,충남,당진시,95973,5,30747,92005,68360
2024,LIBTYPE000002,2050144005,충청남도보령교육지원청보령도서관,충남,보령시,104682,2,1213,44483,65000
2024,LIBTYPE000002,2050144006,충청남도보령교육지원청웅천도서관,충남,보령시,72855,3,3306,9766,35000
2024,LIBTYPE000002,2050144007,충청남도부여교육지원청부여도서관,충남,부여군,85116,2,1420,41811,54860
2024,LIBTYPE000002,2050144008,충청남도서산교육지원청해미도서관,충남,서산시,80399,3,740,17386,67520
2024,LIBTYPE000002,2050144009,충청남도서천교육지원청서천도서관,충남,서천군,78425,3,1103,11218,67480
2024,LIBTYPE000002,2050144010,충청남도아산교육지원청아산도서관,충남,아산시,119772,5,12214,76362,75000
2024,LIBTYPE000002,2050144012,충청남도예산교육지원청예산도서관,충남,예산군,90379,3,1128,27763,65000
2024,LIBTYPE000002,2050144013,충청남도천안교육지원청성환도서관,충남,천안시,123173,4,1906,67580,55000
2024,LIBTYPE000002,2050144014,충청남도청양교육지원청청양도서관,충남,청양군,91266,3,957,18533,65000
2024,LIBTYPE000002,2050144019,충청남도태안교육지원청태안도서관,충남,태안군,89635,3,1427,72363,75000
2024,LIBTYPE000002,2050144020,충청남도홍성교육지원청홍성도서관,충남,홍성군,93933,4,2278,67402,76000
2024,LIBTYPE000002,2050147013,경상북도교육청 상주도서관화령분관,경북,상주시,68989,3,393,13465,20000
2024,LIBTYPE000002,2050147007,경상북도교육청 안동도서관용상분관,경북,안동시,97100,4,2472,75351,72180
2024,LIBTYPE000002,2050147010,경상북도교육청 안동도서관풍산분관,경북,안동시,98352,3,721,23471,56080
2024,LIBTYPE000002,2050147014,경상북도교육청 점촌도서관가은분관,경북,문경시,44529,3,414,8650,34000
2024,LIBTYPE000002,2050147015,대구광역시교육청삼국유사군위도서관,대구,군위군,83537,6,1074,31209,25900
2024,LIBTYPE000002,2050144011,세종특별자치시교육청평생교육학습관,세종,세종시,150313,4,1914,61155,85624
2024,LIBTYPE000002,2050146022,전라남도교육청순천만생태문화교육원,전남,순천시,37185,4,1361,57226,41117
2024,LIBTYPE000002,2050148026,경상남도교육청 김해지혜의바다도서관,경남,김해시,107348,9,12213,314477,182354
2024,LIBTYPE000002,2050148025,경상남도교육청 마산지혜의바다도서관,경남,창원시,136097,10,12247,309961,154480
2024,LIBTYPE000002,2030141002,한아름도서관 (수원청소년문화센터내),경기,수원시,42552,1,12631,17053,5000
2024,LIBTYPE000002,2050124005,광주광역시교육청송정다가치문화도서관,광주,광산구,153666,7,3025,73006,105490
2024,LIBTYPE000002,2050124002,광주광역시교육청학생독립운동기념회관,광주,서구,245471,10,47603,159382,133500
2024,LIBTYPE000002,2050147011,경상북도교육청 영주선비도서관풍기분관,경북,영주시,83733,3,916,34432,36244
2024,LIBTYPE000002,2050111017,서울특별시교육청고덕평생학습관(도서관),서울,강동구,178791,14,18313,420190,215035
2024,LIBTYPE000002,2050111021,서울특별시교육청노원평생학습관(도서관),서울,노원구,169304,16,13583,354628,220574
2024,LIBTYPE000002,2050111018,서울특별시교육청마포평생학습관(도서관),서울,마포구,254177,24,10113,215815,241184
2024,LIBTYPE000002,2050145017,전북특별자치도교육청군산학생교육문화관,전북,군산시,101684,8,43361,67266,82200
2024,LIBTYPE000002,2050145018,전북특별자치도교육청김제학생교육문화관,전북,김제시,104202,4,638,7640,20700
2024,LIBTYPE000002,2050145003,전북특별자치도교육청남원학생교육문화관,전북,남원시,102279,4,1378,30621,49500
2024,LIBTYPE000002,2050145010,전북특별자치도교육청부안학생교육문화관,전북,부안군,72463,5,994,24788,60000
2024,LIBTYPE000002,2050145001,전북특별자치도교육청익산학생교육문화관,전북,익산시,119620,5,1653,35589,68000
2024,LIBTYPE000002,2050145016,전북특별자치도교육청전주학생교육문화관,전북,전주시,223627,10,36901,82742,104412
2024,LIBTYPE000002,2050111020,서울특별시교육청영등포평생학습관(도서관),서울,영등포구,224810,17,10417,317148,207650
2024,LIBTYPE000002,2050124006,광주광역시교육청중앙도서관 분관 최상준도서관,광주,북구,53248,4,3738,71417,65400
2024,LIBTYPE000002,2050111019,서울특별시교육청마포평생학습관(도서관) 아현분관,서울,마포구,136909,9,8790,222061,164792
2024,LIBTYPE000002,2050145014,전북특별자치도교육청군산학생교육문화관 대야분관,전북,군산시,44826,3,9208,9208,27840
2024,LIBTYPE000002,2050145007,전북특별자치도교육청김제학생교육문화관 금산분관,전북,김제시,54006,3,188,3363,18000
2024,LIBTYPE000002,2050145013,전북특별자치도교육청남원학생교육문화관 운봉분관,전북,남원시,61113,3,239,7395,24000
2024,LIBTYPE000002,2050145002,전북특별자치도교육청익산학생교육문화관 함열분관,전북,익산시,70797,3,336,927,8000
2024,LIBTYPE000002,2030141008,한국장학재단-은행권 제1호 대학생연합생활관 인성교육관 도서관,경기,고양시,13754,1,453,6239,11446
2024,LIBTYPE000002,2060811018,둘리도서관,서울,도봉구,15603,2,3294,14405,8601
2024,LIBTYPE000002,2060845002,늘푸른도서관,전북,군산시,86430,4,6043,82610,82158
2024,LIBTYPE000002,2030842001,담작은도서관,강원,춘천시,26983,4,3006,32142,40334
2024,LIBTYPE000002,2060811007,해오름도서관,서울,성북구,31985,3,4271,53919,22408
2024,LIBTYPE000002,2060846003,광양희망도서관,전남,광양시,59269,4,2883,97037,47118
2024,LIBTYPE000002,2060843004,맹동혁신도서관,충북,음성군,43523,4,2884,72268,45000
2024,LIBTYPE000002,2060821005,강서기적의도서관,부산,강서구,79940,6,11627,315112,116500
2024,LIBTYPE000002,2060846004,곡성어린이도서관,전남,곡성군,16826,2,1682,1682,10000
2024,LIBTYPE000002,2060811020,궁동어린이도서관,서울,구로구,25432,5,1913,49947,31478
2024,LIBTYPE000002,2060844001,금산기적의도서관,충남,금산군,52184,2,4390,24215,18840
2024,LIBTYPE000002,2060811003,길꽃어린이도서관,서울,강서구,63806,6,8391,131237,52800
2024,LIBTYPE000002,2060848006,김해기적의도서관,경남,김해시,62279,3,54063,187491,46570
2024,LIBTYPE000002,2030821001,꿈키어린이도서관,부산,동래구,9083,0,407,3178,2700
2024,LIBTYPE000002,2060848010,남부어린이도서관,경남,진주시,44136,3,6866,172962,52693
2024,LIBTYPE000002,2060811001,노원어린이도서관,서울,노원구,68453,6,9838,171065,46407
2024,LIBTYPE000002,2060822001,달서어린이도서관,대구,달서구,83866,2,5631,129526,42368
2024,LIBTYPE000002,2060811016,대방어린이도서관,서울,동작구,31807,2,8351,106885,47548
2024,LIBTYPE000002,2060811017,도봉기적의도서관,서울,도봉구,43257,4,5510,73732,48620
2024,LIBTYPE000002,2060831002,명촌어린이도서관,울산,북구,28647,1,10521,39113,22285
2024,LIBTYPE000002,2060846002,목포어린이도서관,전남,목포시,71852,4,13656,22723,35630
2024,LIBTYPE000002,2030841001,반달어린이도서관,경기,수원시,34596,1,3434,9875,10471
2024,LIBTYPE000002,2060823010,부개어린이도서관,인천,부평구,24746,4,2371,24160,19410
2024,LIBTYPE000002,2060823001,부평기적의도서관,인천,부평구,53077,7,4769,65950,30104
2024,LIBTYPE000002,2050825001,산성어린이도서관,대전,중구,80590,9,6033,269207,112940
2024,LIBTYPE000002,2020125001,서구어린이도서관,대전,서구,68857,2,2703,99514,66470
2024,LIBTYPE000002,2060822002,서구어린이도서관,대구,서구,65541,0,3501,92026,43616
2024,LIBTYPE000002,2060844003,서산어린이도서관,충남,서산시,75429,3,4061,152087,70651
2024,LIBTYPE000002,2060811006,송파어린이도서관,서울,송파구,83197,6,13692,253395,75781
2024,LIBTYPE000002,2060846001,순천기적의도서관,전남,순천시,93369,4,3611,71009,39100
2024,LIBTYPE000002,2060841004,안양어린이도서관,경기,안양시,105556,4,15560,428344,105500
2024,LIBTYPE000002,2060831003,옥현어린이도서관,울산,남구,33014,0.5,2618,77829,35089
2024,LIBTYPE000002,2060824002,운남어린이도서관,광주,광산구,61539,2,6354,167182,55850
2024,LIBTYPE000002,2060811025,월계어린이도서관,서울,노원구,18414,1,5003,47708,11900
2024,LIBTYPE000002,2060811029,장안어린이도서관,서울,동대문구,39156,5,4645,66103,40200
2024,LIBTYPE000002,2060821001,재송어린이도서관,부산,해운대구,115186,3,6985,177592,71336
2024,LIBTYPE000002,2060821004,정관어린이도서관,부산,기장군,45272,3,3316,26427,23000
2024,LIBTYPE000002,2060841017,정왕어린이도서관,경기,시흥시,69722,2,1116,50205,27280
2024,LIBTYPE000002,2060845001,정읍기적의도서관,전북,정읍시,75738,2,10972,42144,70000
2024,LIBTYPE000002,2060843002,제천기적의도서관,충북,제천시,120333,5,1390,127048,55067
2024,LIBTYPE000002,2060848002,진해기적의도서관,경남,창원시,74014,3,5627,92222,20250
2024,LIBTYPE000002,2060847001,청도어린이도서관,경북,청도군,64309,2,800,13271,20000
2024,LIBTYPE000002,2060843001,청주기적의도서관,충북,청주시,47077,4,4754,10616,35480
2024,LIBTYPE000002,2060811030,하계어린이도서관,서울,노원구,10080,2,3565,47706,12040
2024,LIBTYPE000002,2060843005,호암어린이도서관,충북,충주시,19380,0,2131,53516,79992
2024,LIBTYPE000002,2060842001,화천어린이도서관,강원,화천군,30160,2,811,30934,21375
2024,LIBTYPE000002,2030841002,화홍어린이도서관,경기,수원시,12191,0,852,2378,1200
2024,LIBTYPE000002,2060811015,휘경어린이도서관,서울,동대문구,33441,4,3148,72509,38824
2024,LIBTYPE000002,2030848001,마하 어린이도서관,경남,진주시,17178,0,2339,7519,3000
2024,LIBTYPE000002,2060811005,꿈꾸는어린이도서관,서울,강서구,66439,5,10653,74902,52798
2024,LIBTYPE000002,2060111045,도봉아이나라도서관,서울,도봉구,105047,7,28501,133587,46149
2024,LIBTYPE000002,2060111043,동작영어마루도서관,서울,동작구,41389,3,6345,70722,64090
2024,LIBTYPE000002,2060841003,바른샘어린이도서관,경기,수원시,117456,3,10940,105325,20700
2024,LIBTYPE000002,2060848007,사천시어린이도서관,경남,사천시,38317,1.5,1323,47003,36000
2024,LIBTYPE000002,2060811022,삼각산어린이도서관,서울,강북구,31506,1,3026,82843,21000
2024,LIBTYPE000002,2060849002,서귀포기적의도서관,제주,서귀포시,36913,4,3157,38895,39994
2024,LIBTYPE000002,2060811026,손기정어린이도서관,서울,중구,29777,3,4034,107452,51318
2024,LIBTYPE000002,2060821007,수영구어린이도서관,부산,수영구,33306,3,4194,132727,52604
2024,LIBTYPE000002,2060841001,슬기샘어린이도서관,경기,수원시,117190,3,10382,78505,14592
2024,LIBTYPE000002,2060811023,아리랑어린이도서관,서울,성북구,36846,4,3825,54759,22675
2024,LIBTYPE000002,2060841023,의왕시글로벌도서관,경기,의왕시,88810,2,6445,171841,71156
2024,LIBTYPE000002,2060849001,제주시기적의도서관,제주,제주시,44660,3,33036,176472,40000
2024,LIBTYPE000002,2060811014,중랑숲어린이도서관,서울,중랑구,55843,6,4758,98774,56112
2024,LIBTYPE000002,2060841002,지혜샘어린이도서관,경기,수원시,127792,1,35407,126043,14592
2024,LIBTYPE000002,2060841008,군포시 어린이도서관,경기,군포시,112549,2.5,5304,138125,41080
2024,LIBTYPE000002,2060823017,별똥별 어린이도서관,인천,계양구,13408,1,1217,39108,19567
2024,LIBTYPE000002,2060848008,양산시립 상북도서관,경남,양산시,19778,1,762,20970,5193
2024,LIBTYPE000002,2060821002,영도도서관 남항분관,부산,영도구,50119,2,8740,39357,30000
2024,LIBTYPE000002,2060841016,이천시 어린이도서관,경기,이천시,102481,2,4169,210490,62009
2024,LIBTYPE000002,2060811032,광진어린이영어도서관,서울,광진구,16438,5,2053,27174,1209
2024,LIBTYPE000002,2060848011,김해어린이영어도서관,경남,김해시,13919,3,4335,34608,79200
2024,LIBTYPE000002,2060811012,남산타운어린이도서관,서울,중구,36680,2,15742,56744,33000
2024,LIBTYPE000002,2060821006,동구어린이영어도서관,부산,동구,45755,3,1847,57023,70000
2024,LIBTYPE000002,2060811021,못골한옥어린이도서관,서울,강남구,34828,6,12586,103590,40812
2024,LIBTYPE000002,2060823011,송도국제어린이도서관,인천,연수구,72281,2,38794,252714,100000
2024,LIBTYPE000002,2060811019,송파어린이영어도서관,서울,송파구,33725,2,5979,162579,41572
2024,LIBTYPE000002,2060847002,안동시립어린이도서관,경북,안동시,57348,4,2401,89926,60410
2024,LIBTYPE000002,2060841006,안산단원어린이도서관,경기,안산시,123297,2.5,5297,87636,49133
2024,LIBTYPE000002,2060124010,어린이생태학습도서관,광주,서구,63140,2,4689,175474,72138
2024,LIBTYPE000002,2060811031,용두어린이영어도서관,서울,동대문구,28421,5,1949,35811,16000
2024,LIBTYPE000002,2060831001,울산북구기적의도서관,울산,북구,51483,1,2337,44094,27000
2024,LIBTYPE000002,2060822005,서구 어린이영어도서관,대구,서구,15492,1,917,1653,190000
2024,LIBTYPE000002,2060822004,수성구립 물망이도서관,대구,수성구,34353,1,24795,83385,25422
2024,LIBTYPE000002,2060811013,글마루한옥어린이도서관,서울,구로구,27772,3,1435,26763,28074
2024,LIBTYPE000002,2060811008,남가좌새롬어린이도서관,서울,서대문구,47509,3,2115,17284,48181
2024,LIBTYPE000002,2060811024,마포푸르메어린이도서관,서울,마포구,22516,2,5756,96413,19165
2024,LIBTYPE000002,2060841022,성남시중원어린이도서관,경기,성남시,111472,1.5,14153,110832,62108
2024,LIBTYPE000002,2060841024,성남시판교어린이도서관,경기,성남시,139211,3,27693,394802,84025
2024,LIBTYPE000002,2060849003,제주꿈바당어린이도서관,제주,제주시,43532,0,4735,17285,29998
2024,LIBTYPE000002,2060848001,진주시어린이전문도서관,경남,진주시,82843,5,6154,160166,56868
2024,LIBTYPE000002,2060843003,청주신율봉어린이도서관,충북,청주시,74912,2,14860,91471,29871
2024,LIBTYPE000002,2060841018,평택시립지산초록도서관,경기,평택시,154834,3,6113,89905,65000
2024,LIBTYPE000002,2060841010,고양시립주엽어린이도서관,경기,고양시,117069,2,15294,269586,83342
2024,LIBTYPE000002,2060841012,고양시립행신어린이도서관,경기,고양시,98944,2,14235,225371,66500
2024,LIBTYPE000002,2060841011,고양시립화정어린이도서관,경기,고양시,97432,3,15320,227479,66337
2024,LIBTYPE000002,2060845003,남원시어린이청소년도서관,전북,남원시,35061,1,2219,20842,11000
2024,LIBTYPE000002,2060841005,안산시립상록어린이도서관,경기,안산시,124157,3.5,5022,58026,45050
2024,LIBTYPE000002,2060841027,안양시립큰샘어린이도서관,경기,안양시,16301,4,5141,21035,200800
2024,LIBTYPE000002,2060841020,오산시립 햇살마루 도서관,경기,오산시,48152,1,3501,40126,34653
2024,LIBTYPE000002,2060821003,부산진구어린이청소년도서관,부산,부산진구,38624,2,1938,16812,30000
2024,LIBTYPE000002,2050823001,인천광역시교육청평생학습관,인천,연수구,51458,4,3049,66802,51824
2024,LIBTYPE000002,2050811001,서울특별시교육청어린이도서관,서울,종로구,271296,20,8193,481301,214289
2024,LIBTYPE000002,2060844002,아산시꿈샘어린이청소년도서관,충남,아산시,103990,6,8644,173014,59120
2024,LIBTYPE000002,2060841026,화성시립달빛나래어린이도서관,경기,화성시,24289,2,6767,186503,54206
2024,LIBTYPE000002,2060841015,화성시립두빛나래어린이도서관,경기,화성시,72335,3,741,193060,44629
2024,LIBTYPE000002,2060841021,화성시립둥지나래어린이도서관,경기,화성시,79310,3,7934,111234,31918
